city,locality,locality_market_rate
Bangalore,1A Block Koramangala,83.0
Bangalore,1st Block East,33.0
Bangalore,A Narayanapura,71.0
Bangalore,AECS Layout Block A,24.0
Bangalore,AECS Layout Block D,40.0
Bangalore,AECS Layout-Singasandra,50.0
Bangalore,AK Colony Domlur,64.0
Bangalore,AMS Layout,18.0
Bangalore,Abbaiah Reddy Layout,18.0
Bangalore,Abbigere,18.0
Bangalore,Adarsh Palm Retreat,67.0
Bangalore,Aditya nagar,17.0
Bangalore,Adugodi,22.0
Bangalore,Agrahara Layout,22.0
Bangalore,Akshya Nagar,19.0
Bangalore,Amarjyoti Layout-Domlur,44.0
Bangalore,Ambalipura,34.0
Bangalore,Ambalipura Sarjapur Road,38.0
Bangalore,Amrutahalli,26.0
Bangalore,Amruthnagar,19.0
Bangalore,Anand Nagar- Hebbal,45.0
Bangalore,Anantapura,23.0
Bangalore,Anchepalya,25.0
Bangalore,Andrahalli,11.0
Bangalore,Anjana Nagar,10.0
Bangalore,AnjanaPura,26.5
Bangalore,Anjanadri Layout,29.0
Bangalore,Anjanapura Township,19.0
Bangalore,Annapurneshwari Nagar,17.0
Bangalore,Annasandrapalya Extension,17.0
Bangalore,Arekere,20.0
Bangalore,Ashok Nagar,87.0
Bangalore,Ashwini layout,29.0
Bangalore,Atmananda Colony,21.0
Bangalore,Attibele,23.0
Bangalore,Attibele Anekal Road,21.0
Bangalore,Attur Layout,21.0
Bangalore,Avalahalli,19.0
Bangalore,Ayappa Nagar KR Puram,19.0
Bangalore,B Narayanapura,26.0
Bangalore,BCC Layout,33.0
Bangalore,BDA Lay Out Chandra Layout,20.0
Bangalore,BDA layout-HSR Layout,29.0
Bangalore,BEML Layout-Brookefield,31.0
Bangalore,BTM Layout,27.5
Bangalore,BTM Layout Stage 1,28.5
Bangalore,BTM Layout Stage 2,28.0
Bangalore,Babusahib Palya,37.0
Bangalore,Bagalur Main Road,30.0
Bangalore,Bagalur Sarjapur Road,9.0
Bangalore,Bagaluru,26.0
Bangalore,Balagere,42.0
Bangalore,Balaji Layout,24.0
Bangalore,Balaji Layout Cooke Town,60.0
Bangalore,Banashankari,28.0
Bangalore,Banashankari 6th Stage-11th Block,18.0
Bangalore,Banashankari Stage 1,26.0
Bangalore,Banashankari Stage 2,22.5
Bangalore,Banashankari Stage 3,24.5
Bangalore,Banashankari stage 6,44.0
Bangalore,Banaswadi,28.0
Bangalore,Bangalore Shivamogga Road,10.0
Bangalore,Bank Colony Konanakunte,20.0
Bangalore,Bannerghatta,37.5
Bangalore,Bannerghatta Road,31.5
Bangalore,Bapuji Nagar,16.0
Bangalore,Basapura,25.0
Bangalore,Basapura Main Road,22.0
Bangalore,Basavanagar Main Road,23.0
Bangalore,Basavanagara,17.0
Bangalore,Basavanagudi,18.0
Bangalore,Basavanapura,13.0
Bangalore,Basavanna Nagar,41.0
Bangalore,Basaveshwar Nagar,22.0
Bangalore,Basaveshwara HBCS Layout,15.0
Bangalore,Battarahalli,32.0
Bangalore,Begur,45.5
Bangalore,Begur Hulimavu Road,22.0
Bangalore,Begur Road,39.0
Bangalore,Bellandur,38.0
Bangalore,Bellandur Lake Road,29.0
Bangalore,Bellandur-Marathahalli,31.0
Bangalore,Bellary Road,20.0
Bangalore,Bengaluru Kanakapura Road,22.0
Bangalore,Bengaluru Main Road,17.0
Bangalore,Benson Town,45.0
Bangalore,Bettadasanapura,13.0
Bangalore,Bhavani Nagar,45.0
Bangalore,Bhavani Nagar Shakti Farm,14.0
Bangalore,Bhoganhalli,51.5
Bangalore,Bhuvaneshwari Nagar,42.0
Bangalore,Bhyraveshwara Nagar,37.0
Bangalore,Bidarahalli,35.0
Bangalore,Bidare Agrahara,26.0
Bangalore,Bikasipura,31.0
Bangalore,Bilekahalli,37.0
Bangalore,Bileshivale,113.0
Bangalore,Binnamangala Stage 1 Indiranagar,49.5
Bangalore,Binny Pete,51.0
Bangalore,Block 1st JayaNagar,50.0
Bangalore,Block 1st Koramangala,43.0
Bangalore,Block 2nd JayaNagar East,30.0
Bangalore,Block 2nd Koramangala,33.0
Bangalore,Block 3rd Jayanagar East,34.0
Bangalore,Block 3rd Koramangala,63.0
Bangalore,Block 3rd Narayana Nagar,20.0
Bangalore,Block 4th Jayanagar,30.5
Bangalore,Block 5th Jayanagar,58.5
Bangalore,Block 5th Koramangala,31.0
Bangalore,Block 6th Koramangala,37.0
Bangalore,Block 7th Jayanagar,38.0
Bangalore,Bommanahalli,34.0
Bangalore,Bommasandra,18.5
Bangalore,Bommasandra Jigani Link Road,29.0
Bangalore,Borewell Road,48.0
Bangalore,Brigade Metropolis,47.5
Bangalore,Brindavan Nagar Mathikere,25.0
Bangalore,Brookefield,41.0
Bangalore,Budigere,28.0
Bangalore,Budigere Road,15.0
Bangalore,Byatarayanapura New Extension,13.0
Bangalore,Byrappa Layout RMV 2nd Stage,17.0
Bangalore,Byrathi,13.0
Bangalore,C V Raman Nagar,31.0
Bangalore,CQAL Layout,32.0
Bangalore,Cambridge Layout,156.5
Bangalore,Canara bank Layout,23.0
Bangalore,Chamrajpet,30.0
Bangalore,Chamundeshwari Layout,158.0
Bangalore,Chandapura,21.0
Bangalore,Channasandra,34.5
Bangalore,Channasandra Main Road,23.0
Bangalore,Chennammana Kere,10.0
Bangalore,Chikkabanavara,22.5
Bangalore,Chikkabellandur,21.0
Bangalore,Chikkabidarakallu,11.0
Bangalore,Chikkagubbi Village,51.0
Bangalore,Chikkajala,25.0
Bangalore,Chikkakannalli,55.0
Bangalore,Chikkalasandra,20.0
Bangalore,Chikkanna Layout,35.0
Bangalore,Chikku Lakshmaiah Layout,29.0
Bangalore,Chinnapanna Halli,38.0
Bangalore,Chokkanahalli,14.0
Bangalore,Choodasandra,27.0
Bangalore,Chowdeshwari Layout Marathahalli Village,27.0
Bangalore,Chunchanakuppe,11.0
Bangalore,Cleveland Town,44.5
Bangalore,Coffee Board layout,13.0
Bangalore,Cooke Town,39.5
Bangalore,Cox Town,41.0
Bangalore,Cunningham Road,73.0
Bangalore,D Group Layout,20.0
Bangalore,Dasarahalli,38.0
Bangalore,Dasarahalli Main Road,21.0
Bangalore,Deepanjali Nagar,16.0
Bangalore,Defence Enclave,27.5
Bangalore,Devanahalli,27.0
Bangalore,Devappa Layout,21.0
Bangalore,Devarabisanahalli,35.5
Bangalore,Devarachikkana Halli,19.0
Bangalore,Devasthanagalu,33.0
Bangalore,Devinagar,20.0
Bangalore,Doddaballapur Main Road,20.0
Bangalore,Doddakallasandra,33.0
Bangalore,Doddakannelli,36.0
Bangalore,Doddanagamangala,16.0
Bangalore,Doddanekundi,32.0
Bangalore,Doddanekundi Main Road,43.0
Bangalore,Doddathoguru,22.0
Bangalore,Dollar Scheme,25.0
Bangalore,Dollars Colony,53.5
Bangalore,Domlur,35.0
Bangalore,Doopanahalli,37.0
Bangalore,Dooravani Nagar,13.5
Bangalore,ECC Road,41.5
Bangalore,EPIP Zone,56.0
Bangalore,Ejipura,25.5
Bangalore,Electronic City,24.0
Bangalore,Electronic City Phase 2,25.0
Bangalore,Electronics City Phase 1,31.5
Bangalore,Elus Road,39.0
Bangalore,Ex Service Men Colony,11.0
Bangalore,F Block Sahakar Nagar,27.0
Bangalore,Frazer Town,24.0
Bangalore,G Block Sahakar Nagar,64.0
Bangalore,GM Palya,25.0
Bangalore,Gandhi Bazar,35.0
Bangalore,Ganga Nagar Layout,163.0
Bangalore,Ganganagar,15.0
Bangalore,Gattahalli,25.0
Bangalore,Gollarahatti,6.0
Bangalore,Gopasandra Sarjapura Road,80.0
Bangalore,Gottigere,15.0
Bangalore,Govindpura,22.0
Bangalore,Green Woods layout,15.0
Bangalore,Gruha Lakshmi Layout,18.0
Bangalore,Gubbalala,29.0
Bangalore,Gummanahalli,31.0
Bangalore,Gunjur,34.5
Bangalore,Gunjur Balagere Road,30.5
Bangalore,HAL 3rd Stage,33.0
Bangalore,HAL Old Airport Road,58.0
Bangalore,HBR Layout,29.5
Bangalore,HBR Layout Block 2,17.0
Bangalore,HBR Layout Block 3,24.0
Bangalore,HMT Layout Vidyaranyapura,30.0
Bangalore,HRBR Layout,34.0
Bangalore,HRBR Layout Block 1,30.0
Bangalore,HSR Layout,38.0
Bangalore,Hadosiddapura,38.5
Bangalore,Halanayakanahalli,35.0
Bangalore,Halasuru,59.0
Bangalore,Hanumanthappa Layout Sivanchetti Gardens,77.0
Bangalore,Haralur,38.0
Bangalore,Haralur Main Road,35.0
Bangalore,Harlur,34.5
Bangalore,Harsha Layout,11.0
Bangalore,Hebbal,44.0
Bangalore,Hebbal Kempapura,23.0
Bangalore,Hegde Nagar,28.5
Bangalore,Hennur,31.5
Bangalore,Hennur Bagalur Main Road,42.0
Bangalore,Hennur Bande Road,19.0
Bangalore,Hennur Main Road,34.0
Bangalore,Hesarghatta Road,12.0
Bangalore,Holiday Village Road,25.0
Bangalore,Hongasandra,15.0
Bangalore,Hoodi,30.0
Bangalore,Horamavu,23.5
Bangalore,Horamavu Main Road,30.0
Bangalore,Hosa Road,32.5
Bangalore,Hosakerehalli,45.0
Bangalore,Hoskote,17.0
Bangalore,Hoskote Road,18.0
Bangalore,Hosur Road,44.5
Bangalore,Hoysalanagar,30.0
Bangalore,Hulimavu,27.0
Bangalore,Hunasamaranahalli,52.5
Bangalore,Huskur,23.0
Bangalore,Hutchins Road,35.0
Bangalore,Huvinayakanahalli,24.0
Bangalore,ISRO Layout,21.0
Bangalore,ITI Layout,48.0
Bangalore,ITPL,40.0
Bangalore,ITPL Main Road,25.0
Bangalore,IVC Road,51.0
Bangalore,Iblur Village,43.0
Bangalore,Immadihalli,20.0
Bangalore,Indira Nagar,46.5
Bangalore,Indira nagar Stage 1,58.5
Bangalore,Indira nagar Stage 2,56.0
Bangalore,Infantry Road,30.0
Bangalore,Ittamadu Main Road,16.0
Bangalore,JC Nagar-Kurubarahalli,21.0
Bangalore,JP Nagar,27.0
Bangalore,Jakkasandra Extension,18.0
Bangalore,Jakkur,37.5
Bangalore,Jakkuru Main Road,33.0
Bangalore,Jalahalli,26.0
Bangalore,Jalahalli East,24.0
Bangalore,Jalahalli West,30.0
Bangalore,Jayamahal Main Road,47.0
Bangalore,Jayanagar,41.5
Bangalore,Jayanagar Housing Society Layout,29.0
Bangalore,Jeevan Bima Nagar,41.0
Bangalore,Jigani,15.5
Bangalore,Jivanahalli,20.0
Bangalore,Judicial Layout,38.5
Bangalore,Junnasandra,35.0
Bangalore,K Channasandra,24.0
Bangalore,KR Puram,27.5
Bangalore,Kada Agrahara,21.0
Bangalore,Kadabagere,9.0
Bangalore,Kadubeesanahalli,34.0
Bangalore,Kadugodi,28.0
Bangalore,Kadugondanahalli,31.0
Bangalore,Kaggadasapura,24.0
Bangalore,Kaikondrahalli,36.0
Bangalore,Kalappa Layout,18.0
Bangalore,Kalena Agrahara,30.5
Bangalore,Kalidasa Layout,19.0
Bangalore,Kalyan Nagar,26.0
Bangalore,Kamakshipalya,11.0
Bangalore,Kammagondahalli,11.0
Bangalore,Kammanahalli,34.5
Bangalore,Kammasandra,13.0
Bangalore,Kanaka Nagar,50.0
Bangalore,Kanakapura,26.0
Bangalore,Kanakapura Road,32.0
Bangalore,Kannamangala,31.0
Bangalore,Kannuru,30.0
Bangalore,Kariobanahalli,17.0
Bangalore,Kariyammana Agrahara,38.0
Bangalore,Karthik Nagar,50.0
Bangalore,Kasavanahalli,33.0
Bangalore,Kasturi Nagar,29.0
Bangalore,Kattigenahalli,21.0
Bangalore,Kaval Byrasandra,22.0
Bangalore,Kaveri Nagar,22.0
Bangalore,Kempapura,49.0
Bangalore,Kempapura Agrahara,13.0
Bangalore,Kenchenhalli,20.0
Bangalore,Kengeri,23.0
Bangalore,Kengeri Main Road,20.0
Bangalore,Kengeri Satellite Town,15.0
Bangalore,Kithaganur Main Road,16.0
Bangalore,Kodathi,23.0
Bangalore,Kodichikknahalli,26.0
Bangalore,Kodigehalli,26.5
Bangalore,Kodigenahalli,20.0
Bangalore,Kodihalli,49.5
Bangalore,Kodipalya,50.0
Bangalore,Kogilu,30.0
Bangalore,Kogilu Main Road,32.0
Bangalore,Konanakunte,30.0
Bangalore,Konena Agrahara Murgesh Pallya,45.0
Bangalore,Koppa,8.0
Bangalore,Koramangala,50.0
Bangalore,Koramangala 80 Feet Road,52.0
Bangalore,Koramangala Block 4,46.5
Bangalore,Kothnoor Dinne,29.0
Bangalore,Kothnur,20.0
Bangalore,Kudlu,31.0
Bangalore,Kudlu Gate,38.0
Bangalore,Kumara park West,30.0
Bangalore,Kumaraswamy Layout,20.0
Bangalore,Kumbalgodu,23.0
Bangalore,Kundalahalli,37.5
Bangalore,Kundalahalli Colony,26.0
Bangalore,LBS Nagar,20.0
Bangalore,Laggere,18.0
Bangalore,Lakkasandra Extension,36.0
Bangalore,Lakshminarayana Pura,60.0
Bangalore,Lakshmipura,15.0
Bangalore,Lavakusha Nagar,33.0
Bangalore,Lavelle Road,135.0
Bangalore,Laxmi Sagar Layout,41.0
Bangalore,Lingarajapuram,22.0
Bangalore,MC Layout,24.0
Bangalore,MCECHS Layout,39.0
Bangalore,MKS Layout,25.0
Bangalore,MS Palya,16.0
Bangalore,MS Ramaiah City Layout,21.0
Bangalore,Madavara,11.0
Bangalore,Madhuranagara,20.0
Bangalore,Mahadevapura,39.5
Bangalore,Mahadevapura Layout,28.0
Bangalore,Mahalakshmipuram Layout,32.5
Bangalore,Mahatma Gandhi Nagar,59.5
Bangalore,Mahatma Gandhi Road,60.0
Bangalore,Maithri Layout,27.0
Bangalore,Mallasandra Village,38.0
Bangalore,Mallathahalli,24.0
Bangalore,Malleshpalya,14.5
Bangalore,Malleshpalya Main Road,20.0
Bangalore,Malleshwaram,31.0
Bangalore,Mangammanapalya,20.0
Bangalore,ManganaHalli,23.0
Bangalore,Manjunatha Layout Munnekollal,22.0
Bangalore,Manjunatha Nagar Kalkere,25.0
Bangalore,Manorayana Palya,16.0
Bangalore,Manyata Residency,37.0
Bangalore,Manyata Tech Park,40.0
Bangalore,Manyata Tech Park Road,21.0
Bangalore,Marathahalli,36.0
Bangalore,Marathahalli Sarjapur Outer Ring Road,50.0
Bangalore,Marathahalli village,33.0
Bangalore,Marenahalli - Vijaynagar,15.5
Bangalore,Margondanahalli,14.5
Bangalore,Maruthi Nagar Attiguppe,30.0
Bangalore,Maruthi Nagar Dasarahalli,35.0
Bangalore,Maruthi Nagar Yelahanka,77.5
Bangalore,Maruti Nagar,9.0
Bangalore,Matadahalli,22.0
Bangalore,Mathikere,29.0
Bangalore,Mathikere Extension,16.0
Bangalore,Mathrushree Layout Doddamuniswamy Reddy Layout,25.0
Bangalore,Mavalli,25.0
Bangalore,MedaHalli,18.5
Bangalore,Medi Agrahara,11.0
Bangalore,Meenakshi Layout Choodasandra,27.5
Bangalore,Michael Palya,24.0
Bangalore,Mico Layout,32.0
Bangalore,Mitganahalli,29.0
Bangalore,Moodalapalya,16.0
Bangalore,Mullur,25.0
Bangalore,Munikalappa Layout,27.0
Bangalore,Munireddy Layout,13.0
Bangalore,Munnekollal,30.0
Bangalore,Murugeshpalya,35.0
Bangalore,Muthanallur,37.0
Bangalore,Mylappanahalli,133.0
Bangalore,Mysore Road,17.0
Bangalore,NR Colony,18.0
Bangalore,Naganathapura,22.0
Bangalore,Nagapura,32.0
Bangalore,Nagarbhavi,11.0
Bangalore,Nagasandra,37.5
Bangalore,Nagasandra Main Road,33.0
Bangalore,Nagavara,25.0
Bangalore,Nagdevanahalli,19.0
Bangalore,Nagegowdanapalya,42.0
Bangalore,Nagondanahalli,27.0
Bangalore,Naidu Layout Electronic City,46.0
Bangalore,Nallurhalli,32.5
Bangalore,Nandi Hills,33.5
Bangalore,Nandini Layout,19.0
Bangalore,Nanjappa Layout Adugodi,26.0
Bangalore,Narayanaghatta,29.0
Bangalore,Nayandahalli,8.0
Bangalore,Neeladri Nagar,23.0
Bangalore,Neelasandra,13.0
Bangalore,Nehru Nagar,30.5
Bangalore,NelaMangala,11.0
Bangalore,New International Airport Road,30.0
Bangalore,Nisarga Nandana Layout,14.0
Bangalore,Nyanapanahalli,17.0
Bangalore,OMBR Layout,28.5
Bangalore,Old Guddadahalli,8.0
Bangalore,Old Madras Road,32.5
Bangalore,PNS Layout,31.0
Bangalore,Pai Layout Hulimavu,21.0
Bangalore,Pai Layout Mahadevapura,30.5
Bangalore,Palace Cross Road,38.0
Bangalore,Palanahalli Road,24.0
Bangalore,Panathur,49.0
Bangalore,Papareddipalya,14.5
Bangalore,Parappana Agrahara,23.0
Bangalore,Patteghar Palya Main Road,17.0
Bangalore,Peace layout,20.0
Bangalore,Phase 1 Sivagiri Township,20.0
Bangalore,Phase 1st JP Nagar,40.0
Bangalore,Phase 1st MCECHS Layout,23.0
Bangalore,Phase 2nd JP Nagar,32.0
Bangalore,Phase 3 Reliable Residency Layout,20.0
Bangalore,Phase 5 JP Nagar,25.0
Bangalore,Phase 7 JP Nagar,23.0
Bangalore,Phase 8th JP Nagar,23.0
Bangalore,Pillaganahalli,13.0
Bangalore,Pragathi Nagar,19.0
Bangalore,Prithvi layout,32.5
Bangalore,Pulkeshi Nagar,50.0
Bangalore,Puttanahalli,28.0
Bangalore,RBI Layout,17.0
Bangalore,RHCS Layout,13.0
Bangalore,RMV Extension,27.0
Bangalore,RMV Extension Stage 2,38.0
Bangalore,RPC Layout,23.0
Bangalore,RS Palya,13.0
Bangalore,RT Nagar,28.5
Bangalore,Rachenahalli,24.0
Bangalore,Rachenahalli Main Road,26.0
Bangalore,Raghuvanahalli BCMC Layout,19.0
Bangalore,Rainbow Drive,46.0
Bangalore,Rajaji Nagar,48.0
Bangalore,Rajaji Nagar Block 1,100.5
Bangalore,Rajaji Nagar Block 2,23.0
Bangalore,Rajaji Nagar Industrial Town,101.0
Bangalore,Rajajinagar Stage 2,29.0
Bangalore,Rajanukunte,68.0
Bangalore,Rajarajeshwari Nagar,18.0
Bangalore,Rajarajeshwari Nagar Stage 5,45.0
Bangalore,Ramagondanahalli-Whitefield,62.0
Bangalore,Ramamurthy Nagar,24.0
Bangalore,Ramanjaneyanagar,18.0
Bangalore,Ramchandrapura,11.0
Bangalore,Rayasandra,23.5
Bangalore,Rayasandra Main Road,31.0
Bangalore,Richards Town,58.0
Bangalore,Richmond Road,79.0
Bangalore,Richmond Town,63.0
Bangalore,Ring Road,51.0
Bangalore,Royal Shelters,25.0
Bangalore,Rustam Bagh Layout,50.0
Bangalore,SG Palya,28.0
Bangalore,Sadahalli Main Road,85.0
Bangalore,Sadashiva Nagar,57.0
Bangalore,Sahakara Nagar,27.0
Bangalore,Samethanahalli,48.0
Bangalore,Sampigehalli,57.5
Bangalore,Sanjayanagara,48.0
Bangalore,Sannatammanahalli,21.0
Bangalore,Sarjapur,21.0
Bangalore,Sarjapur Road,37.0
Bangalore,Sarjapura Attibele Road,17.0
Bangalore,Sathanur,25.0
Bangalore,Sathya Sai Layout,27.0
Bangalore,Sector 1 HSR Layout,49.5
Bangalore,Sector 11 New Thippasandra,30.0
Bangalore,Sector 2 HSR Layout,41.0
Bangalore,Sector 3 HSR Layout,35.0
Bangalore,Sector 4 HSR Layout,37.5
Bangalore,Sector 5 HSR Layout,33.0
Bangalore,Sector 6 HSR Layout,46.0
Bangalore,Seegehalli,37.5
Bangalore,Seegehalli KR Puram,14.0
Bangalore,Seegehalli Kannamangala Road,17.0
Bangalore,Seegehalli Road,21.0
Bangalore,Shanthala Nagar,38.0
Bangalore,Shanti Nagar,36.0
Bangalore,Siddapur,19.0
Bangalore,Silicon Town,19.0
Bangalore,Silver County Road,17.0
Bangalore,Silver Oak Layout,28.0
Bangalore,Sindhi Colony,97.0
Bangalore,Singapura,12.0
Bangalore,Singasandra,24.0
Bangalore,Sir M Visvesvaraya Inst Road,57.0
Bangalore,Soladevanahalli,9.0
Bangalore,Somasundarapalya,29.0
Bangalore,Someshwara Layout,35.0
Bangalore,Sompura,74.0
Bangalore,Spencer Road,20.0
Bangalore,Spice Garden Layout,21.0
Bangalore,Sri Balaji Layout,21.0
Bangalore,Sri Sai Layout,21.0
Bangalore,Srigandha Nagar,20.0
Bangalore,Srinagar,6.0
Bangalore,Srirampuram,32.0
Bangalore,Stage 1st Kumaraswamy Layout,17.0
Bangalore,State Highway 104,33.0
Bangalore,Subbaiahnapalya,18.0
Bangalore,Subs Nagar,37.0
Bangalore,Sudhama Nagar,38.0
Bangalore,Sultanpalya,23.0
Bangalore,Sunkadakatte,14.5
Bangalore,Suryanagar,14.0
Bangalore,Syndicate Bank Colony,26.0
Bangalore,T Dasarahalli,36.0
Bangalore,Talacauvery Layout,27.0
Bangalore,Talaghattapura,24.5
Bangalore,Tata Nagar,24.0
Bangalore,Tavarekere,30.0
Bangalore,Tavarekere BTM Layout,21.0
Bangalore,Teachers Colony -HSR Layout,40.0
Bangalore,Tejaswini Nagar Phase 1,21.0
Bangalore,Thambu Chetty Palya,16.0
Bangalore,Thanisandra,40.0
Bangalore,Thanisandra Main Road,39.0
Bangalore,Thigalarapalya,24.0
Bangalore,Thindlu,22.0
Bangalore,Thirumenahalli,21.0
Bangalore,Thubarahalli,35.0
Bangalore,Thurahalli,14.0
Bangalore,Thyagaraja Nagar,35.0
Bangalore,Trinity Church Road,47.0
Bangalore,Tulasi Layout,23.0
Bangalore,Tumkur Road,33.0
Bangalore,Udaya nagar,20.0
Bangalore,Upkar Layout Whitefield,24.0
Bangalore,Uttarahalli,24.0
Bangalore,Uttarahalli Main Road,25.0
Bangalore,V Kallahalli,27.0
Bangalore,Vagdevi Layout,43.0
Bangalore,Valepura,17.0
Bangalore,Varanasi,22.0
Bangalore,Varthur,32.0
Bangalore,Varthur Kodi,20.0
Bangalore,Vasanth Nagar,70.5
Bangalore,Vasanth Vihar AWHO,23.0
Bangalore,Veerannapalya,40.0
Bangalore,Veerasandra,22.5
Bangalore,Vibhutipura,8.0
Bangalore,Victoria Layout,50.5
Bangalore,Vidhana Soudha Layout,13.0
Bangalore,Vidyaranyapura,19.0
Bangalore,Vignan Nagar,29.5
Bangalore,Vigneshwara Layout Hoysala Nagar,28.0
Bangalore,Vijaya Bank Layout Bommanahalli,28.0
Bangalore,Vijayanagar,22.0
Bangalore,Vijayapura Town,13.0
Bangalore,Vimanapura,17.0
Bangalore,Vinayak Nagar,22.5
Bangalore,Virgonagar Industrial Estate,42.0
Bangalore,Virupakshapura,13.5
Bangalore,Vittal Mallya Road,94.0
Bangalore,Vittasandra Main Road,33.0
Bangalore,Viveka Nagar,30.5
Bangalore,Vyalikaval,36.0
Bangalore,Vyalikaval HBCS Layout,31.0
Bangalore,Whitefield,39.5
Bangalore,Wilson Garden,41.0
Bangalore,Yelachenahalli,15.0
Bangalore,Yelahanka,30.5
Bangalore,Yelahanka Air Force base,33.0
Bangalore,Yelahanka New Town,24.0
Bangalore,Yelenahalli,46.0
Bangalore,Yellappa Chetty Layout,170.0
Bangalore,Yemalur,83.0
Bangalore,Yeswanthpur,30.0
Bangalore,jakkur Plantation,23.0
Mumbai,90 Feet Road,60.5
Mumbai,Aarey Colony,55.0
Mumbai,Abhyudaya Nagar,115.0
Mumbai,Adarsh Nagar Jogeshwari West,81.0
Mumbai,Agar Bazar,133.0
Mumbai,Agripada,107.0
Mumbai,Ajit Nagar,54.0
Mumbai,Amar Nagar Mulund West,51.0
Mumbai,Ambewadi Malad East,68.0
Mumbai,Amboli,73.0
Mumbai,Amrut Nagar Ghatkopar West,100.0
Mumbai,Anand Nagar Dahisar East,57.0
Mumbai,Andheri,60.0
Mumbai,Andheri East,78.0
Mumbai,Andheri West,104.5
Mumbai,Ashok Nagar Kandivali East,42.0
Mumbai,Atur Park,83.0
Mumbai,Azad Nagar Andheri East,92.0
Mumbai,Azad Nagar Andheri West,94.0
Mumbai,Babhai Naka - Borivali West,71.0
Mumbai,Bachani Nagar,59.0
Mumbai,Bandra,156.0
Mumbai,Bandra East,146.5
Mumbai,Bandra Kurla Complex,180.5
Mumbai,Bandra West,177.0
Mumbai,Bangur Nagar,72.0
Mumbai,Barve Nagar,37.0
Mumbai,Battipada,52.0
Mumbai,Best Colony Chembur East,94.0
Mumbai,Best Colony Parel,135.0
Mumbai,Best Nagar - Goregaon West,100.0
Mumbai,Bhakti Park,136.5
Mumbai,Bhandup,60.0
Mumbai,Bhandup East,54.0
Mumbai,Bhandup Village Road,63.0
Mumbai,Bhandup West,62.0
Mumbai,Bhatwadi Ghatkopar West,32.0
Mumbai,Bhayandar East,24.0
Mumbai,Bhayandar West,26.0
Mumbai,Bhoiwada - Parel,134.0
Mumbai,Bolinj,10.0
Mumbai,Borivali,81.0
Mumbai,Borivali East,84.0
Mumbai,Borivali West,69.0
Mumbai,Breach Candy,155.0
Mumbai,Brhmanwada,125.0
Mumbai,Byculla,139.0
Mumbai,Central Area,80.0
Mumbai,Central Avenue Road,114.0
Mumbai,Central Ordanance Depot,49.0
Mumbai,Chakala,76.0
Mumbai,Chakala MIDC,71.0
Mumbai,Chandan Nagar,11.0
Mumbai,Chandivali,93.0
Mumbai,Charkop,78.0
Mumbai,Charni Road,100.0
Mumbai,Chedda Nagar,42.0
Mumbai,Chembur,84.5
Mumbai,Chimaji Nagar,55.0
Mumbai,Chincholi Phatak,91.0
Mumbai,Chinchpokli,79.5
Mumbai,Chunabhatti,90.5
Mumbai,Churchgate,210.0
Mumbai,Citizen Colony,26.0
Mumbai,Colaba,93.5
Mumbai,Cuffe Parade,209.0
Mumbai,Dadar,106.0
Mumbai,Dadar East,120.0
Mumbai,Dadar West,131.5
Mumbai,Dahanukar Wadi,68.5
Mumbai,Dahisar,29.0
Mumbai,Dahisar East,51.0
Mumbai,Dahisar West,56.5
Mumbai,Danda,36.0
Mumbai,Dattapada,85.5
Mumbai,Deonar,100.0
Mumbai,Deonar Chembur,107.0
Mumbai,Deonar Farm Road,82.0
Mumbai,Deonar Village Road,55.0
Mumbai,Devidas Road,87.0
Mumbai,Devipada,83.5
Mumbai,Dindoshi - Malad East,66.5
Mumbai,Eden Gardens,18.0
Mumbai,Eksar Road,57.0
Mumbai,Ekta Nagar Kandivali West,79.0
Mumbai,Evershine Millennium Paradise,80.0
Mumbai,Evershine Nagar,88.0
Mumbai,Film City Road,72.0
Mumbai,Fish Market Area,45.0
Mumbai,Fort,125.0
Mumbai,Four Bungalows,92.0
Mumbai,GTB Nagar,14.0
Mumbai,Gaikwad Nagar Malad West,58.0
Mumbai,Gandhi Nagar Bandra East,136.0
Mumbai,Gandhi Nagar Upper Worli,140.5
Mumbai,Ganesh Nagar Kalaram Nagar,43.0
Mumbai,Garodia Nagar,70.0
Mumbai,Gavane Pada,104.0
Mumbai,Gavanpada,63.0
Mumbai,Geeta Nagar Mira Road East,26.0
Mumbai,Ghatkopar,48.5
Mumbai,Ghatkopar East,79.0
Mumbai,Ghatkopar West,92.0
Mumbai,Ghodapdeo,76.0
Mumbai,Ghodbunder Road,32.0
Mumbai,Gilbert Hill,11.0
Mumbai,Girgaon,107.0
Mumbai,Godrej Colony,158.0
Mumbai,Gokuldham,108.0
Mumbai,Gorai,30.0
Mumbai,Gorai 1,33.0
Mumbai,Gorai 2,52.0
Mumbai,Goregaon,72.0
Mumbai,Goregaon East,78.0
Mumbai,Goregaon Mulund Link Road,72.0
Mumbai,Goregaon West,94.0
Mumbai,Govandi,50.0
Mumbai,Govind Nagar Bhandup West,69.0
Mumbai,Govind Nagar Borivali West,74.0
Mumbai,Gowalia Tank,179.0
Mumbai,Grant Road East,102.0
Mumbai,Green Hills,94.0
Mumbai,Gulshan Nagar,88.0
Mumbai,Hatkesh Udhog Nagar,28.0
Mumbai,Hindu Colony,154.5
Mumbai,IC Colony,70.0
Mumbai,Inlaks Nagar,104.0
Mumbai,Irani Wadi,33.0
Mumbai,JB Nagar,88.0
Mumbai,JVPD Scheme,141.0
Mumbai,Jacob Circle,125.0
Mumbai,Jankalyan Nagar,74.0
Mumbai,Janki Kutir,150.0
Mumbai,Jawahar Nagar,105.0
Mumbai,Jayprakash Nagar,109.0
Mumbai,Jijamata Road,75.0
Mumbai,Jogeshwari East,71.5
Mumbai,Jogeshwari Vikhroli Link Road,102.0
Mumbai,Jogeshwari West,89.0
Mumbai,Juhu,140.0
Mumbai,Juhu Scheme,167.0
Mumbai,Juhu Versova Link Road,88.0
Mumbai,Kala Nagar,220.0
Mumbai,Kalachauki,54.0
Mumbai,Kalachowki,76.0
Mumbai,Kalbadevi,143.0
Mumbai,Kalina,98.0
Mumbai,Kamgar Nagar Prabhadevi,138.0
Mumbai,Kanakiya,107.0
Mumbai,Kanchpada,94.0
Mumbai,Kandivali,73.0
Mumbai,Kandivali East,62.0
Mumbai,Kandivali West,59.0
Mumbai,Kanjurmarg,33.0
Mumbai,Kanjurmarg East,90.0
Mumbai,Kanjurmarg West,72.0
Mumbai,Kannamwar Nagar 1,53.0
Mumbai,Kemps Corner,184.0
Mumbai,Ketkipada,29.0
Mumbai,Khar Danda,186.0
Mumbai,Khar West,174.5
Mumbai,Kharodi,29.0
Mumbai,Khatau Estate,74.5
Mumbai,Kirol Village,55.0
Mumbai,Kokanipada,72.0
Mumbai,Kolivery Village,84.0
Mumbai,Kondivita Village Andheri East,82.0
Mumbai,Kurar Village,65.0
Mumbai,Kurla,63.0
Mumbai,Kurla East,64.5
Mumbai,Kurla West,67.0
Mumbai,LBS Road,56.0
Mumbai,LIC Colony Borivali West,60.0
Mumbai,LIC Colony Vile Parle West,110.0
Mumbai,Lal Bahadur Shastri Nagar Dahisar West,67.0
Mumbai,Lal Bahadur Shastri Road,65.5
Mumbai,Lal Baug,60.0
Mumbai,Lalbaug Sion,130.0
Mumbai,Liberty Garden,72.0
Mumbai,Linking Road,156.0
Mumbai,Lokhandwala Complex Andheri West,107.0
Mumbai,Lokhandwala Township Kandivali East,64.0
Mumbai,Lower Parel,138.0
Mumbai,MBH Colony,64.0
Mumbai,MHADA Colony Mulund East,60.0
Mumbai,MR Society,29.0
Mumbai,Madh,71.0
Mumbai,Magathane,72.0
Mumbai,Mahalakshmi,141.0
Mumbai,Mahavir Nagar Kandivali West,76.0
Mumbai,Mahim,100.0
Mumbai,Mahim United Industrial Estate,128.0
Mumbai,Mahim West,114.5
Mumbai,Malabar Hill,147.0
Mumbai,Malad East,76.0
Mumbai,Malad West,68.0
Mumbai,Mandvi,72.5
Mumbai,Manish Nagar,66.5
Mumbai,Mankhurd,63.0
Mumbai,Marol,100.0
Mumbai,Marve Road,64.0
Mumbai,Masjid Bandar,41.0
Mumbai,Masjid Bandar West,108.0
Mumbai,Matunga,106.0
Mumbai,Matunga East,134.0
Mumbai,Matunga West,127.5
Mumbai,Mazgaon,103.0
Mumbai,Mindspace,120.0
Mumbai,Mira Bhayandar,25.0
Mumbai,Mira Road,34.0
Mumbai,Model Town Andheri West,92.0
Mumbai,Mulund,52.5
Mumbai,Mulund East,62.5
Mumbai,Mulund West,69.5
Mumbai,Mumbai CST Area,150.0
Mumbai,Mumbai Central,85.0
Mumbai,Muranjan Wadi,45.0
Mumbai,Mysore Colony,53.0
Mumbai,Nagpada,99.5
Mumbai,Nahar Nagar,86.0
Mumbai,Nahur East,34.0
Mumbai,Naidu Colony,78.0
Mumbai,Naigaon East,27.0
Mumbai,Naigaon East Vasai Link Road,25.0
Mumbai,Naigaon Palghar,15.0
Mumbai,Naigaon West,11.0
Mumbai,Nala Sopara,13.0
Mumbai,Nalasopara East,16.0
Mumbai,Nalasopara West,11.5
Mumbai,Napean Sea Road,200.0
Mumbai,Navagaon,50.0
Mumbai,Navghar Mulund East,73.0
Mumbai,Neelam Nagar,52.0
Mumbai,Nehru Nagar Airport Area,84.0
Mumbai,Nerul,41.0
Mumbai,New Golden Nest Road,32.0
Mumbai,Nityanand Nagar Ghatkopar West,124.0
Mumbai,Old Ferry Road,28.0
Mumbai,Orlem,67.0
Mumbai,Oshiwara,79.0
Mumbai,Padmavati Nagar Bhayandar West,36.0
Mumbai,Pali Hill,140.0
Mumbai,Pali Naka,178.5
Mumbai,Pant Nagar,87.0
Mumbai,Parekh Nagar Kandivali West,73.0
Mumbai,Parel,124.0
Mumbai,Parel Village,116.0
Mumbai,Park Road,151.0
Mumbai,Parshiwada,79.0
Mumbai,Pathanwadi,118.0
Mumbai,Pedder Road,148.0
Mumbai,Perry Road,162.0
Mumbai,Pirojshanagar,143.0
Mumbai,Poonam Nagar Jogeshwari East,81.0
Mumbai,Powai,100.0
Mumbai,Prabhadevi,190.0
Mumbai,Premier Residencies,80.0
Mumbai,Raheja Township,72.0
Mumbai,Raheja Vihar,99.0
Mumbai,Raje Sambhaji Nagar,80.0
Mumbai,Rajendra Nagar,89.0
Mumbai,Rajiv Gandhi Nagar Bhandup West,51.0
Mumbai,Rambaug Powai,139.0
Mumbai,Ramgad Nagar Mulund West,48.0
Mumbai,Riddhi Gardens,105.0
Mumbai,Royal Palms Estate,34.5
Mumbai,Saibaba Nagar Borivali West,54.0
Mumbai,Saint Thomas Church Road,12.0
Mumbai,Saki Naka,78.0
Mumbai,Samata Nagar Thakur Village,71.0
Mumbai,Sambhaji Nagar Mulund West,84.0
Mumbai,Sangharsh Nagar,37.0
Mumbai,Santacruz,179.0
Mumbai,Santacruz East,81.0
Mumbai,Santacruz West,119.5
Mumbai,Sayani Road,179.0
Mumbai,Sector 1 Charkop,27.0
Mumbai,Sector 2 Charkop,48.0
Mumbai,Sector 8 Charkop,42.0
Mumbai,Sector 9 Charkop,61.0
Mumbai,Seven Bungalows,104.0
Mumbai,Sewri,119.5
Mumbai,Shanti Park,24.0
Mumbai,Shantivan,33.0
Mumbai,Shastri Nagar Andheri West,105.5
Mumbai,Shastri Nagar Mitha Nagar,83.0
Mumbai,Shell Colony,70.0
Mumbai,Shitladevi Chawl,114.0
Mumbai,Shiv Kutir,206.0
Mumbai,Shivaji Nagar - Aarey Milk Colony,40.0
Mumbai,Shivaji Park,144.0
Mumbai,Siddharth Nagar Goregaon West,84.0
Mumbai,Sindhi Colony Sion,80.0
Mumbai,Sion,89.0
Mumbai,Sion Chunabhatti,64.0
Mumbai,Sion Hospital Colony,63.0
Mumbai,Subhash Nagar Bhandup West,67.0
Mumbai,Subhash Road,38.0
Mumbai,Sunder Nagar Malad West,74.0
Mumbai,Swastik Park,49.0
Mumbai,Tagore Nagar,56.0
Mumbai,Tardeo,70.0
Mumbai,Tarun Bharat Society,50.0
Mumbai,Teachers Colony,110.0
Mumbai,Teen Batti,167.0
Mumbai,Thakur Complex,60.0
Mumbai,Thakur Village,78.0
Mumbai,Tilak Nagar Chembur,82.5
Mumbai,Tilak Nagar Goregaon West,67.0
Mumbai,Tilak Nagar Sewri,67.0
Mumbai,Tivri,30.0
Mumbai,Ulhasnagar,18.0
Mumbai,Union Park,100.0
Mumbai,Unnat Nagar Goregaon West,71.0
Mumbai,Utkarsh Nagar,80.0
Mumbai,Vardhman Nagar,75.0
Mumbai,Vasai,42.5
Mumbai,Vasai East,33.0
Mumbai,Vasai West,21.0
Mumbai,Vazira Naka Borivali West,34.0
Mumbai,Veera Desai Industrial Estate,101.5
Mumbai,Versova,108.5
Mumbai,Vikhroli East,92.0
Mumbai,Vikhroli Village,58.0
Mumbai,Vikhroli West,71.5
Mumbai,Vile Parle,183.0
Mumbai,Vile Parle East,107.0
Mumbai,Vile Parle West,115.0
Mumbai,Virar,14.0
Mumbai,Virar East,19.0
Mumbai,Virar West,22.5
Mumbai,Wadala,134.0
Mumbai,Wadala East,118.5
Mumbai,Wadala West,101.0
Mumbai,Walkeshwar,142.0
Mumbai,Western Express Highway,265.0
Mumbai,Worli,199.0
Mumbai,Worli Hill Road,123.0
Mumbai,Worli Naka,161.5
Mumbai,Worli Sea Face,194.0
Mumbai,Yamuna Nagar Andheri West,122.0
Mumbai,Yari Road,100.0
Mumbai,Yogi Nagar,58.5
New Delhi,Aali Village,14.0
New Delhi,Abul Fazal Enclave Part 1,28.0
New Delhi,Acharya Niketan,30.38888888888889
New Delhi,Adarsh Nagar,26.0
New Delhi,Adarsh Nagar Bindapur Extension,21.0
New Delhi,Adchini,45.0
New Delhi,Adhyapak Nagar,17.0
New Delhi,Alaknanda,38.0
New Delhi,Aliganj,32.0
New Delhi,Amar Colony,39.0
New Delhi,Ambedkar Colony Ambedkar Nagar,50.0
New Delhi,Amrit Nagar,28.0
New Delhi,Anand Gram,14.0
New Delhi,Anand Niketan,129.5
New Delhi,Anand Parbat,42.0
New Delhi,Anand Vihar,29.0
New Delhi,Anand Vihar Nangli Sakrawati,10.0
New Delhi,Ansari Nagar West,31.0
New Delhi,Arjan Garh,11.0
New Delhi,Arjun Park,14.0
New Delhi,Ashok Nagar,32.0
New Delhi,Ashok Niketan,38.55555555555556
New Delhi,Ashok Vihar,22.22222222222222
New Delhi,Ashok Vihar Phase 1,82.0
New Delhi,Ashok Vihar Phase 2,24.0
New Delhi,Ashok Vihar Phase 3,43.0
New Delhi,Ashram,39.66666666666666
New Delhi,Asola,14.0
New Delhi,Aya Nagar,17.5
New Delhi,Aya Nagar Phase 1,18.0
New Delhi,Azad Market,51.0
New Delhi,Azadpur,18.5
New Delhi,Baba Colony,132.0
New Delhi,Badarpur,11.5
New Delhi,Badarpur Extension,20.0
New Delhi,Badli,11.0
New Delhi,Baljit Nagar,18.0
New Delhi,Banarsi Das Estate,39.0
New Delhi,Baprola,10.5
New Delhi,Basai Darapur,31.5
New Delhi,Bawana,9.0
New Delhi,Beadon Pura,36.0
New Delhi,Ber Sarai,16.0
New Delhi,Bhagat Vihar,7.0
New Delhi,Bhagwan Das Nagar,47.0
New Delhi,Bhagwati Garden Extension,22.0
New Delhi,Bhajanpura,14.0
New Delhi,Bhalswa,19.0
New Delhi,Bharat Nagar New Friends Colony,62.0
New Delhi,Bharat Vihar,18.0
New Delhi,Bhola Nath Nagar,25.0
New Delhi,Bijwasan,11.0
New Delhi,Bindapur,17.5
New Delhi,Bk Dutt Colony,25.0
New Delhi,Block 32 East Patel Nagar,28.0
New Delhi,Block 4 Subhash Nagar,27.0
New Delhi,Block A Mohan Garden,16.0
New Delhi,Block B Rajouri Garden,34.0
New Delhi,Block B Sewak Park,270.0
New Delhi,Block B Surajmal Vihar,42.0
New Delhi,Block B West Patel Nagar,34.0
New Delhi,Block B4 Safdarjung Enclave,70.0
New Delhi,Block BH Shalimar Bagh,27.0
New Delhi,Block BJ Shalimar Bagh,49.0
New Delhi,Block BP Shalimar Bagh,23.0
New Delhi,Block C Bhajanpura,12.0
New Delhi,Block C Dashrath Puri,22.22222222222222
New Delhi,Block F Karam Pura,50.0
New Delhi,Block F Palam Extension,32.0
New Delhi,Block ND Dakshini Pitampura,37.0
New Delhi,Block R Mohan Garden Razapur Khurd,29.0
New Delhi,Block T West Patel Nagar,55.0
New Delhi,Block W 22 South Sainik Farm,4.666666666666667
New Delhi,Block WZ Uttam Nagar,31.0
New Delhi,Budh Vihar,9.0
New Delhi,Budh Vihar Phase 2,14.0
New Delhi,Burari,12.5
New Delhi,C2 Block Janakpuri,24.38888888888889
New Delhi,Chanakya Place,11.0
New Delhi,Chandan Hola,22.0
New Delhi,Chander Vihar,13.0
New Delhi,Chandra Nagar,29.0
New Delhi,Chawri Bazar,188.0
New Delhi,Chhatarpur Extension,26.5
New Delhi,Chhattarpur,23.0
New Delhi,Chhattarpur Enclave Phase 1,12.0
New Delhi,Chhattarpur Enclave Phase 2,29.0
New Delhi,Chhawla,29.0
New Delhi,Chirag Delhi,25.0
New Delhi,Chittaranjan Park,48.66666666666666
New Delhi,Chittaranjan Park Block A,43.5
New Delhi,Chittaranjan Park Block C,43.0
New Delhi,Chokhandi,275.0
New Delhi,Co operative Group Housing Societies Pitampura,30.0
New Delhi,Commonwealth Games Village,50.0
New Delhi,Connaught Place,83.0
New Delhi,D Block Saket,67.0
New Delhi,DDA,27.0
New Delhi,DLF Farms,143.0
New Delhi,Dabri,27.0
New Delhi,Dabri Extension,21.0
New Delhi,Dakshini Pitampura,32.0
New Delhi,Dakshinpuri,23.0
New Delhi,Daryaganj,27.0
New Delhi,Dasghara,22.0
New Delhi,Dashrath Puri,22.0
New Delhi,Daya Basti,20.0
New Delhi,Dayanand Colony,37.0
New Delhi,Defence Colony,92.0
New Delhi,Dera Mandi,17.0
New Delhi,Devli,14.0
New Delhi,Dhaka Village,28.0
New Delhi,Dhirpur Village,13.0
New Delhi,Dilshad Garden,24.0
New Delhi,Durga Vihar,17.0
New Delhi,Dwarka,29.0
New Delhi,Dwarka Mor,20.0
New Delhi,Dwarka Sector 19B,36.0
New Delhi,East Of Kailash,44.0
New Delhi,East of Kailash Block B,50.0
New Delhi,East of Kailash Block F,52.388888888888886
New Delhi,Freedom Fighter Colony,26.0
New Delhi,Freedom Fighters Enclave,28.0
New Delhi,Friends Colony,47.5
New Delhi,Friends Colony West,48.166666666666664
New Delhi,GK I,63.0
New Delhi,GK II,65.0
New Delhi,GTB Enclave,233.0
New Delhi,GTB Nagar,28.0
New Delhi,Gandhi Vihar,18.0
New Delhi,Ganesh Nagar,22.5
New Delhi,Ganga Vihar,17.0
New Delhi,Garhi,19.0
New Delhi,Gautam Nagar,49.5
New Delhi,Geeta Colony,37.0
New Delhi,Geetanjali Enclave,49.0
New Delhi,Ghazipur,17.0
New Delhi,Ghitorni,18.0
New Delhi,Giri Nagar,29.0
New Delhi,Gokalpur East,15.0
New Delhi,Golf Course Road,45.0
New Delhi,Gopal Nagar Extension,24.0
New Delhi,Govindpuri,36.0
New Delhi,Goyla Dairy,120.0
New Delhi,Goyla Village,98.0
New Delhi,Greater Kailash,47.0
New Delhi,Greater Kailash 2 E Block,100.5
New Delhi,Greater Kailash 4 NRI Colony,59.0
New Delhi,Greater Kailash Enclave 1,130.0
New Delhi,Greater Kailash Enclave 2,46.0
New Delhi,Green Park,50.0
New Delhi,Green Park Extension,51.55555555555556
New Delhi,Gujarat Vihar,23.333333333333336
New Delhi,Gujranwala Town,21.0
New Delhi,Gulmohar Park,79.5
New Delhi,Guru Arjun Nagar,34.0
New Delhi,Guru Harikishan Nagar,35.888888888888886
New Delhi,Haiderpur,22.5
New Delhi,Haji Colony,13.0
New Delhi,Hardev Nagar,20.0
New Delhi,Hari Enclave,24.0
New Delhi,Hari Nagar,25.0
New Delhi,Harsh Vihar Pitampura,30.0
New Delhi,Hastsal,13.5
New Delhi,Hauz Khas,43.0
New Delhi,Hauz Khas Enclave,71.16666666666667
New Delhi,Hauz Rani,30.0
New Delhi,Hemkunt Colony,100.0
New Delhi,IGNOU Main Road,22.0
New Delhi,IP Extension,27.5
New Delhi,Inderpuri,43.0
New Delhi,Indira Vihar,36.0
New Delhi,Indra Enclave,32.0
New Delhi,Indra Park Extension,60.55555555555556
New Delhi,Indraprastha,38.0
New Delhi,J Block Saket,52.0
New Delhi,Jagat Puri Krishna Nagar,24.0
New Delhi,Jagatpuri,29.5
New Delhi,Jagriti Enclave,27.0
New Delhi,Jahangirpuri,13.0
New Delhi,Jaitpur Extension Part 2,107.0
New Delhi,Janak Park,25.333333333333336
New Delhi,Janakpuri,33.0
New Delhi,Janakpuri Block A2,32.0
New Delhi,Janakpuri Block B1,29.0
New Delhi,Janakpuri Block C2A,34.0
New Delhi,Jangpura,30.0
New Delhi,Jangpura A,43.0
New Delhi,Jangpura Extension,57.5
New Delhi,Jasola,30.5
New Delhi,Jasola Vihar,25.0
New Delhi,Jaunapur,19.0
New Delhi,Jawahar Nagar,61.5
New Delhi,Jeevan Niketan,25.0
New Delhi,Jhandewalan,45.0
New Delhi,Jharoda Majra,16.0
New Delhi,Jhilmil Colony,24.0
New Delhi,Jivan Park Rani Bagh,18.0
New Delhi,Johripur,10.5
New Delhi,Jonapur,12.0
New Delhi,Jorbagh Tri Nagar,104.0
New Delhi,Jyoti Nagar East,23.0
New Delhi,Kabir Nagar Vijay Park,22.0
New Delhi,Kabool Nagar,18.0
New Delhi,Kailash Colony,50.0
New Delhi,Kailashpuri,20.0
New Delhi,Kakrola,16.0
New Delhi,Kalkaji,44.0
New Delhi,Kalu Sarai,25.5
New Delhi,Kalyan Vihar,34.333333333333336
New Delhi,Kamla Nagar,27.0
New Delhi,Kapashera,20.5
New Delhi,Kapashera Samalkha Road,48.0
New Delhi,Karala,11.0
New Delhi,Karawal Nagar,9.0
New Delhi,Karol Bagh,47.0
New Delhi,Keshav Puram,28.0
New Delhi,Khajuri Khas,57.0
New Delhi,Khanpur,17.0
New Delhi,Khichripur,22.0
New Delhi,Khirki Extension,22.0
New Delhi,Kiran Garden,19.0
New Delhi,Kiran Vihar,35.0
New Delhi,Kirari Suleman Nagar,13.5
New Delhi,Kirti Nagar,35.22222222222222
New Delhi,Kishan Ganj,29.0
New Delhi,Kishangarh,30.0
New Delhi,Kishangarh Village,14.77777777777778
New Delhi,Kohat Enclave,12.0
New Delhi,Kondli,24.0
New Delhi,Kotla Mubarakpur,27.5
New Delhi,Krishna Nagar,25.0
New Delhi,Krishna Nagar Karol Bagh,29.0
New Delhi,Krishna Nagar-Safdarjung Enclave,38.0
New Delhi,Kucha Pati Ram,13.0
New Delhi,Kundan Nagar,11.0
New Delhi,Lado Sarai,14.0
New Delhi,Lajpat Nagar,56.0
New Delhi,Lajpat Nagar 1,48.5
New Delhi,Lajpat Nagar 2,53.0
New Delhi,Lajpat Nagar 3,59.0
New Delhi,Lajpat Nagar 4,41.0
New Delhi,Lajwanti Garden,22.22222222222222
New Delhi,Laxmi Bai Nagar,56.0
New Delhi,Laxmi Nagar,21.5
New Delhi,Laxmi Vihar,12.0
New Delhi,Laxmi Vihar Nawada,30.0
New Delhi,Lok Nayak Puram,16.5
New Delhi,Lok Vihar,69.0
New Delhi,Madan Park,23.5
New Delhi,Madanpur Khadar Village,19.0
New Delhi,Madhu Vihar,23.0
New Delhi,Madhu Vihar Patparganj,28.0
New Delhi,Maharani Bagh,53.5
New Delhi,Mahaveer Nagar,11.0
New Delhi,Mahavir Enclave,21.0
New Delhi,Mahavir Enclave Part 1,22.0
New Delhi,Mahavir Enclave Part 2,21.33333333333333
New Delhi,Mahendra Park,130.0
New Delhi,Mahendru Enclave,26.0
New Delhi,Mahindra Park,12.0
New Delhi,Mahipalpur,24.0
New Delhi,Mahipalpur Village,44.0
New Delhi,Maidan Garhi,23.72222222222222
New Delhi,Malka Ganj,33.66666666666667
New Delhi,Mall Road,104.0
New Delhi,Malviya Nagar,38.0
New Delhi,Mandakini Enclave,136.0
New Delhi,Mandawali,18.0
New Delhi,Mangolpur Kalan,22.0
New Delhi,Mangolpuri,15.5
New Delhi,Manohar Park,29.0
New Delhi,Mansa Ram Park,15.0
New Delhi,Mansarovar garden,34.0
New Delhi,Masjid Moth,61.0
New Delhi,Masoodpur,76.0
New Delhi,Matiala,20.0
New Delhi,Mayur Kunj,32.0
New Delhi,Mayur Vihar,35.0
New Delhi,Mayur Vihar 1,28.0
New Delhi,Mayur Vihar Phase 1 Extension,36.0
New Delhi,Mayur Vihar Phase 2,56.0
New Delhi,Mayur Vihar Phase 3,15.0
New Delhi,Mehrauli,28.0
New Delhi,Mianwali Nagar,33.0
New Delhi,Mithapur,8.0
New Delhi,Mithapur Extension,10.0
New Delhi,Model Town,20.0
New Delhi,Model Town Phase 3,24.5
New Delhi,Mohammadpur Majri,6.0
New Delhi,Mohan Garden,18.0
New Delhi,Mohan Garden Uttam Nagar,17.0
New Delhi,Mohit Nagar,38.0
New Delhi,Molarband,9.0
New Delhi,Molarband Extension,11.0
New Delhi,Moti Bagh,9.0
New Delhi,Moti Nagar,40.0
New Delhi,Mukherjee Nagar,31.0
New Delhi,Mukherjee Nagar Burari,28.0
New Delhi,Mundka,14.5
New Delhi,Munirka,38.0
New Delhi,Munirka Enclave,44.0
New Delhi,Najafgarh,12.0
New Delhi,Nangli Vihar,11.0
New Delhi,Nangloi,13.0
New Delhi,Nangloi Jat,11.0
New Delhi,Naraina,26.5
New Delhi,Naraina Village,21.0
New Delhi,Narela,11.0
New Delhi,Nathu Colony,12.0
New Delhi,Nawada,21.0
New Delhi,Neb Sarai,25.0
New Delhi,Neb Sarai Saket,23.0
New Delhi,Nehru Enclave,22.0
New Delhi,Nehru Nagar,22.0
New Delhi,Nehru Vihar,85.0
New Delhi,New Ashok Nagar,27.0
New Delhi,New Friends Colony,39.5
New Delhi,New Kondli,30.833333333333336
New Delhi,New Mahavir Nagar,18.0
New Delhi,New Modern Shahdara,17.0
New Delhi,New Moti Nagar,29.5
New Delhi,New Multan Nagar,29.0
New Delhi,New Patel Nagar,49.0
New Delhi,New Rajendra Nagar,54.0
New Delhi,New Ranjeet Nagar,14.0
New Delhi,New Rohtak Road,53.0
New Delhi,Nilothi,11.0
New Delhi,Nilothi Village,16.0
New Delhi,Nirankari Colony,60.5
New Delhi,Nirman Vihar,22.0
New Delhi,Nizamuddin East,71.5
New Delhi,Nizamuddin West,44.0
New Delhi,Old Govindpura,29.0
New Delhi,Old Gupta Colony,59.0
New Delhi,Old Mahavir Nagar,27.0
New Delhi,Old Nangal,27.77777777777778
New Delhi,Old Palam Road,106.5
New Delhi,Old Rajendra Nagar,67.5
New Delhi,Old Shahabad Muhammad Pur,17.0
New Delhi,Outram Lines,53.0
New Delhi,Padam Nagar,20.5
New Delhi,Palam,18.0
New Delhi,Palam Colony,19.0
New Delhi,Palam Extension,19.0
New Delhi,Pamposh Enclave,40.5
New Delhi,Panchsheel Enclave,66.0
New Delhi,Panchsheel Park,62.0
New Delhi,Panchshil Enclave,40.22222222222222
New Delhi,Pandav Nagar,22.0
New Delhi,Pankha Road,18.0
New Delhi,Paryavaran Complex,24.0
New Delhi,Paschim Puri,28.0
New Delhi,Paschim Vihar,31.0
New Delhi,Paschim Vihar Block A3,30.0
New Delhi,Paschim Vihar Block B2,28.0
New Delhi,Patel Garden,26.0
New Delhi,Patel Nagar,32.0
New Delhi,Patel Nagar East,47.0
New Delhi,Patel Nagar South,38.5
New Delhi,Patel Nagar West,37.5
New Delhi,Patparganj,29.0
New Delhi,Phase 5 Aya Nagar,16.0
New Delhi,Pitampura,28.5
New Delhi,Pochanpur Colony,17.0
New Delhi,Pocket 10 Sector B Vasant Kunj,30.0
New Delhi,Pocket 5 Sector 22 Rohini,31.5
New Delhi,Poorvi Pitampura,28.0
New Delhi,Prahlad Pur Banger,7.555555555555555
New Delhi,Prashant Vihar,26.0
New Delhi,Preet Vihar,50.0
New Delhi,Prem Nagar 3,23.0
New Delhi,Prem Nagar Janakpuri,31.0
New Delhi,Prem Nagar Najafgarh,18.0
New Delhi,Pul Prahlad Pur,34.0
New Delhi,Punjabi Bagh,25.27777777777778
New Delhi,Punjabi Bagh East,22.0
New Delhi,Punjabi Bagh West,40.5
New Delhi,Pushpanjali Enclave,18.0
New Delhi,Qutub Vihar,15.0
New Delhi,Qutub Vihar Phase 1,13.0
New Delhi,Qutub Vihar Phase 2,56.0
New Delhi,Raghu Nagar,24.0
New Delhi,Raj Nagar 2,25.0
New Delhi,Rajdhani Park,9.0
New Delhi,Rajendra Nagar,42.0
New Delhi,Rajouri Garden,31.0
New Delhi,Rajpur Khurd,21.0
New Delhi,Rajpur Khurd Extension,20.0
New Delhi,Ram Nagar,42.0
New Delhi,Rama Park,31.0
New Delhi,Ramesh Nagar,32.0
New Delhi,Rana Pratap Bagh,32.5
New Delhi,Rani Bagh Pitam Pura,13.0
New Delhi,Ravi Nagar,19.0
New Delhi,Razapur Khurd,15.0
New Delhi,Rohini,29.0
New Delhi,Rohtak Road,40.0
New Delhi,Roop Nagar,7.0
New Delhi,Roshanpura,10.0
New Delhi,Sadh Nagar,16.0
New Delhi,Sadhna Enclave,69.0
New Delhi,Safdarjung Development Area,83.0
New Delhi,Safdarjung Enclave,59.0
New Delhi,Sagarpur,16.5
New Delhi,Sagarpur West,15.0
New Delhi,Sai Baba Mandir Road,8.0
New Delhi,Saini Enclave,15.444444444444445
New Delhi,Sainik Farm,28.0
New Delhi,Sainik Nagar,18.0
New Delhi,Saket,30.944444444444443
New Delhi,Samalkha,36.0
New Delhi,Samaspur Village,23.0
New Delhi,Sandesh Vihar,27.0
New Delhi,Sangam Vihar,25.0
New Delhi,Sangam Vihar Wazirabad,12.0
New Delhi,Sanjay Colony Narela,9.0
New Delhi,Sant Nagar East of Kailash,38.0
New Delhi,Sarai Rohilla,21.0
New Delhi,Sarita Vihar,28.0
New Delhi,Sarita Vihar Pocket H,41.0
New Delhi,Sarita Vihar Pocket L,28.0
New Delhi,Sarvapriya Vihar,63.0
New Delhi,Sat Bari,221.0
New Delhi,Satya Niketan,37.666666666666664
New Delhi,Savitri Nagar Village,31.77777777777778
New Delhi,Sector 1 Dwarka,31.5
New Delhi,Sector 1 Rohini,18.0
New Delhi,Sector 10 Dwarka,25.5
New Delhi,Sector 11 Dwarka,36.0
New Delhi,Sector 11 Rohini,29.5
New Delhi,Sector 12 Dwarka,28.0
New Delhi,Sector 13 Dwarka,26.0
New Delhi,Sector 13 Rohini,33.0
New Delhi,Sector 14 Dwarka,13.0
New Delhi,Sector 14 Rohini,34.0
New Delhi,Sector 15 Dwarka,17.0
New Delhi,Sector 15 Rohini,16.0
New Delhi,Sector 16 Rohini,33.5
New Delhi,Sector 16B Dwarka,28.0
New Delhi,Sector 17 Dwarka,38.0
New Delhi,Sector 17 Rohini,34.0
New Delhi,Sector 18 Dwarka,28.0
New Delhi,Sector 18 Rohini,18.0
New Delhi,Sector 19 Dwarka,30.0
New Delhi,Sector 19 Rohini,28.0
New Delhi,Sector 2 Dwarka,27.0
New Delhi,Sector 2 Rohini,19.5
New Delhi,Sector 20 Rohini,12.0
New Delhi,Sector 21 Rohini,24.0
New Delhi,Sector 22 Dwarka,28.0
New Delhi,Sector 22 Rohini,16.0
New Delhi,Sector 23 Dwarka,22.5
New Delhi,Sector 23 Rohini,30.0
New Delhi,Sector 23B Dwarka,37.0
New Delhi,Sector 24 Rohini,30.0
New Delhi,Sector 25 Dwarka,11.0
New Delhi,Sector 25 Rohini,25.0
New Delhi,Sector 26 Dwarka,29.0
New Delhi,Sector 28 Dwarka,22.5
New Delhi,Sector 28 Rohini,15.5
New Delhi,Sector 3 Dwarka,21.0
New Delhi,Sector 3 Rohini,22.0
New Delhi,Sector 34 Rohini,17.0
New Delhi,Sector 35 Rohini,14.0
New Delhi,Sector 4 Dwarka,23.0
New Delhi,Sector 4 Rohini,20.0
New Delhi,Sector 5 Dwarka,28.5
New Delhi,Sector 5 Rohini,32.0
New Delhi,Sector 6 Dwarka,25.0
New Delhi,Sector 6 Pocket 2 Dwarka,27.0
New Delhi,Sector 6 Rohini,99.5
New Delhi,Sector 7 Dwarka,30.0
New Delhi,Sector 7 Rohini,37.0
New Delhi,Sector 8 Dwarka,28.0
New Delhi,Sector 8 Rohini,50.0
New Delhi,Sector 9 Dwarka,22.0
New Delhi,Sector 9 Rohini,32.0
New Delhi,Sector A6 Narela,40.0
New Delhi,Sector B Vasant Kunj,32.0
New Delhi,Sector C Vasant Kunj,44.0
New Delhi,Sector D Vasant Kunj,48.5
New Delhi,Seelampur,30.0
New Delhi,Shadipur,42.5
New Delhi,Shahbad Daulatpur Village,63.5
New Delhi,Shahdara,24.5
New Delhi,Shahpur Jat,300.0
New Delhi,Shakarpur,21.5
New Delhi,Shakarpur Khas,28.5
New Delhi,Shakti Nagar,27.0
New Delhi,Shalimar Bagh AG Block,57.11111111111112
New Delhi,Shalimar Bagh AH Block,44.0
New Delhi,Shalimar Bagh Poorvi,18.0
New Delhi,Shalimar bagh,29.0
New Delhi,Shanti Niketan,121.77777777777777
New Delhi,Shanti Vihar,50.0
New Delhi,Shastri Nagar,25.0
New Delhi,Shastri Park,24.0
New Delhi,Sheikh Sarai,33.0
New Delhi,Sheikh Sarai Phase 1,71.0
New Delhi,Sheikh Sarai Phase 2,44.0
New Delhi,Shiv Nagar,27.555555555555557
New Delhi,Shiv Nagar Extension,270.0
New Delhi,Shiv Park Kakrola,32.0
New Delhi,Shiv Vihar,15.0
New Delhi,Shivaji Nagar,7.0
New Delhi,Shivaji Park,100.0
New Delhi,Shivalik Road,64.0
New Delhi,Shreshtha Vihar,23.0
New Delhi,Shubham Enclave,21.0
New Delhi,Shyam Enclave,18.88888888888889
New Delhi,Shyam Nagar,16.0
New Delhi,Shyam Nagar Okhla,20.0
New Delhi,Shyam Vihar 2,13.0
New Delhi,Shyam Vihar Phase 1,20.0
New Delhi,Siddhartha Enclave,35.0
New Delhi,Sitapuri,16.5
New Delhi,Sitapuri Extension 2,12.0
New Delhi,Soami Nagar South,74.11111111111111
New Delhi,South Extension,45.0
New Delhi,South Extension 1,43.0
New Delhi,South Extension 2,33.0
New Delhi,Sri Niwaspuri,16.0
New Delhi,St Nagar Burari,19.5
New Delhi,Subhash Nagar,29.0
New Delhi,Sukhdev Vihar,75.0
New Delhi,Sultanpur,21.5
New Delhi,Sunder Nagar,118.0
New Delhi,Surajmal Vihar,36.0
New Delhi,Surya Enclave,32.0
New Delhi,Swasthya Vihar,26.88888888888889
New Delhi,Tagore Garden,22.0
New Delhi,Tagore Garden Extension,31.0
New Delhi,Tigri,15.0
New Delhi,Tihar Village,39.0
New Delhi,Tilak Nagar,24.0
New Delhi,Transit Camp,20.0
New Delhi,Tri Nagar,19.5
New Delhi,Trilokpuri,20.0
New Delhi,Tughlakabad Extension,20.0
New Delhi,Tyagi Colony Nangloi Extension,27.0
New Delhi,Uday Park,122.5
New Delhi,Uttam Nagar,19.0
New Delhi,Uttam Nagar East,23.5
New Delhi,Uttam Nagar Nawada,19.5
New Delhi,Uttam Nagar West,22.5
New Delhi,Uttari Pitampura,26.0
New Delhi,Vasant Kunj,44.0
New Delhi,Vasant Kunj Enclave,35.0
New Delhi,Vasant Vihar,56.5
New Delhi,Vasundhara Enclave,27.5
New Delhi,Vigyan Vihar,27.833333333333336
New Delhi,Vijay Colony Vijay Nagar,17.0
New Delhi,Vijay Nagar,37.0
New Delhi,Vijay Vihar,14.0
New Delhi,Vikas Puri Extension Part 1,17.0
New Delhi,Vikaspuri,22.0
New Delhi,Vikaspuri Block D,31.0
New Delhi,Vikaspuri Block F,27.72222222222222
New Delhi,Vikaspuri Block H,28.0
New Delhi,Vikaspuri Block J,21.0
New Delhi,Vinoba Puri,9.0
New Delhi,Vipin Garden,20.0
New Delhi,Vipin Garden Extension North Block,18.0
New Delhi,Virender Nagar,24.0
New Delhi,Vishnu Garden,20.0
New Delhi,Vishwakarma Colony,18.0
New Delhi,Vishwas Nagar,18.5
New Delhi,Vishwas Park,20.0
New Delhi,Vivek Vihar,13.0
New Delhi,Vivek Vihar Phase 1,23.5
New Delhi,Wazir Nagar,24.0
New Delhi,Wazirabad,16.5
New Delhi,Yadav Park Extension,16.0
New Delhi,Yamuna Vihar,18.5
New Delhi,Yojna Vihar,31.0
