city,locality,beds,locality_bed_market_rate
Bangalore,1A Block Koramangala,4,83.0
Bangalore,1st Block East,3,33.0
Bangalore,A Narayanapura,3,71.0
Bangalore,AECS Layout Block A,1,24.0
Bangalore,AECS Layout Block D,1,40.0
Bangalore,AECS Layout-Singasandra,1,17.0
Bangalore,AECS Layout-Singasandra,2,83.0
Bangalore,AK Colony Domlur,2,64.0
Bangalore,AMS Layout,3,18.0
Bangalore,Abbaiah Reddy Layout,3,18.0
Bangalore,Abbigere,1,12.0
Bangalore,Abbigere,2,19.0
Bangalore,Abbigere,3,18.0
Bangalore,Adarsh Palm Retreat,4,67.0
Bangalore,Aditya nagar,1,17.0
Bangalore,Adugodi,1,22.0
Bangalore,Agrahara Layout,4,22.0
Bangalore,Akshya Nagar,2,19.5
Bangalore,Akshya Nagar,3,15.0
Bangalore,Amarjyoti Layout-Domlur,2,44.0
Bangalore,Ambalipura,3,34.0
Bangalore,Ambalipura Sarjapur Road,3,38.0
Bangalore,Amrutahalli,2,26.0
Bangalore,Amruthnagar,2,19.0
Bangalore,Anand Nagar- Hebbal,4,45.0
Bangalore,Anantapura,4,23.0
Bangalore,Anchepalya,1,11.0
Bangalore,Anchepalya,5,39.0
Bangalore,Andrahalli,1,11.0
Bangalore,Anjana Nagar,1,10.0
Bangalore,AnjanaPura,2,29.0
Bangalore,AnjanaPura,3,24.0
Bangalore,Anjanadri Layout,1,29.0
Bangalore,Anjanapura Township,3,19.0
Bangalore,Annapurneshwari Nagar,2,17.0
Bangalore,Annasandrapalya Extension,1,17.0
Bangalore,Arekere,1,20.0
Bangalore,Ashok Nagar,3,87.0
Bangalore,Ashwini layout,1,29.0
Bangalore,Atmananda Colony,3,21.0
Bangalore,Attibele,2,19.0
Bangalore,Attibele,3,23.0
Bangalore,Attibele Anekal Road,3,21.0
Bangalore,Attur Layout,2,21.0
Bangalore,Avalahalli,2,8.0
Bangalore,Avalahalli,3,28.0
Bangalore,Ayappa Nagar KR Puram,1,19.0
Bangalore,B Narayanapura,2,26.0
Bangalore,BCC Layout,2,33.0
Bangalore,BDA Lay Out Chandra Layout,2,20.0
Bangalore,BDA layout-HSR Layout,2,29.0
Bangalore,BEML Layout-Brookefield,3,31.0
Bangalore,BTM Layout,1,27.5
Bangalore,BTM Layout,2,22.0
Bangalore,BTM Layout,4,51.5
Bangalore,BTM Layout Stage 1,1,42.5
Bangalore,BTM Layout Stage 1,2,18.0
Bangalore,BTM Layout Stage 1,4,29.0
Bangalore,BTM Layout Stage 2,1,33.0
Bangalore,BTM Layout Stage 2,2,23.0
Bangalore,BTM Layout Stage 2,3,50.0
Bangalore,Babusahib Palya,2,25.5
Bangalore,Babusahib Palya,4,38.0
Bangalore,Bagalur Main Road,2,35.0
Bangalore,Bagalur Main Road,3,28.5
Bangalore,Bagalur Main Road,10,23.0
Bangalore,Bagalur Sarjapur Road,4,9.0
Bangalore,Bagaluru,2,26.5
Bangalore,Bagaluru,3,26.0
Bangalore,Balagere,2,37.5
Bangalore,Balagere,3,44.5
Bangalore,Balaji Layout,3,24.0
Bangalore,Balaji Layout Cooke Town,4,60.0
Bangalore,Banashankari,1,17.0
Bangalore,Banashankari,2,29.0
Bangalore,Banashankari,3,29.5
Bangalore,Banashankari,4,33.0
Bangalore,Banashankari 6th Stage-11th Block,6,18.0
Bangalore,Banashankari Stage 1,1,26.0
Bangalore,Banashankari Stage 2,1,22.5
Bangalore,Banashankari Stage 3,2,25.0
Bangalore,Banashankari Stage 3,3,24.0
Bangalore,Banashankari stage 6,1,50.0
Bangalore,Banashankari stage 6,2,34.0
Bangalore,Banaswadi,1,11.0
Bangalore,Banaswadi,2,29.0
Bangalore,Banaswadi,3,28.0
Bangalore,Bangalore Shivamogga Road,1,10.0
Bangalore,Bank Colony Konanakunte,3,20.0
Bangalore,Bannerghatta,1,68.0
Bangalore,Bannerghatta,2,19.0
Bangalore,Bannerghatta,3,40.0
Bangalore,Bannerghatta Road,2,30.5
Bangalore,Bannerghatta Road,3,33.0
Bangalore,Bannerghatta Road,5,30.0
Bangalore,Bapuji Nagar,1,16.0
Bangalore,Basapura,1,25.0
Bangalore,Basapura Main Road,3,22.0
Bangalore,Basavanagar Main Road,3,23.0
Bangalore,Basavanagara,1,20.0
Bangalore,Basavanagara,2,14.0
Bangalore,Basavanagudi,1,16.0
Bangalore,Basavanagudi,2,20.0
Bangalore,Basavanapura,3,13.0
Bangalore,Basavanna Nagar,3,41.0
Bangalore,Basaveshwar Nagar,1,17.0
Bangalore,Basaveshwar Nagar,2,19.0
Bangalore,Basaveshwar Nagar,3,25.5
Bangalore,Basaveshwara HBCS Layout,3,15.0
Bangalore,Battarahalli,3,32.0
Bangalore,Begur,1,43.0
Bangalore,Begur,2,45.5
Bangalore,Begur Hulimavu Road,3,22.0
Bangalore,Begur Road,2,46.5
Bangalore,Begur Road,3,36.0
Bangalore,Bellandur,2,40.0
Bangalore,Bellandur,3,35.5
Bangalore,Bellandur,4,68.0
Bangalore,Bellandur,5,47.0
Bangalore,Bellandur Lake Road,3,29.0
Bangalore,Bellandur-Marathahalli,2,31.0
Bangalore,Bellary Road,3,20.0
Bangalore,Bengaluru Kanakapura Road,1,22.0
Bangalore,Bengaluru Main Road,4,17.0
Bangalore,Benson Town,3,40.5
Bangalore,Benson Town,4,68.0
Bangalore,Bettadasanapura,1,13.0
Bangalore,Bhavani Nagar,1,45.0
Bangalore,Bhavani Nagar Shakti Farm,2,14.0
Bangalore,Bhoganhalli,2,39.0
Bangalore,Bhoganhalli,3,57.5
Bangalore,Bhuvaneshwari Nagar,4,42.0
Bangalore,Bhyraveshwara Nagar,4,37.0
Bangalore,Bidarahalli,3,35.0
Bangalore,Bidare Agrahara,1,14.0
Bangalore,Bidare Agrahara,2,27.0
Bangalore,Bikasipura,2,31.0
Bangalore,Bilekahalli,2,29.0
Bangalore,Bilekahalli,3,45.0
Bangalore,Bileshivale,1,11.0
Bangalore,Bileshivale,2,215.0
Bangalore,Binnamangala Stage 1 Indiranagar,3,49.5
Bangalore,Binny Pete,2,51.0
Bangalore,Block 1st JayaNagar,3,50.0
Bangalore,Block 1st Koramangala,2,35.0
Bangalore,Block 1st Koramangala,4,71.0
Bangalore,Block 2nd JayaNagar East,3,39.0
Bangalore,Block 2nd JayaNagar East,4,21.0
Bangalore,Block 2nd Koramangala,2,33.0
Bangalore,Block 3rd Jayanagar East,1,26.0
Bangalore,Block 3rd Jayanagar East,2,42.0
Bangalore,Block 3rd Koramangala,4,63.0
Bangalore,Block 3rd Narayana Nagar,2,20.0
Bangalore,Block 4th Jayanagar,1,18.0
Bangalore,Block 4th Jayanagar,2,41.0
Bangalore,Block 4th Jayanagar,3,30.5
Bangalore,Block 5th Jayanagar,2,50.0
Bangalore,Block 5th Jayanagar,4,67.0
Bangalore,Block 5th Koramangala,3,31.0
Bangalore,Block 6th Koramangala,1,42.0
Bangalore,Block 6th Koramangala,2,32.0
Bangalore,Block 7th Jayanagar,3,30.0
Bangalore,Block 7th Jayanagar,4,46.0
Bangalore,Bommanahalli,1,26.5
Bangalore,Bommanahalli,3,46.0
Bangalore,Bommasandra,1,13.0
Bangalore,Bommasandra,3,25.0
Bangalore,Bommasandra,4,18.0
Bangalore,Bommasandra,5,17.0
Bangalore,Bommasandra Jigani Link Road,2,29.0
Bangalore,Borewell Road,1,48.0
Bangalore,Brigade Metropolis,3,38.0
Bangalore,Brigade Metropolis,4,57.0
Bangalore,Brindavan Nagar Mathikere,2,25.0
Bangalore,Brookefield,1,136.0
Bangalore,Brookefield,2,38.0
Bangalore,Brookefield,3,41.0
Bangalore,Budigere,2,29.0
Bangalore,Budigere,3,26.0
Bangalore,Budigere,4,28.0
Bangalore,Budigere Road,1,15.0
Bangalore,Byatarayanapura New Extension,1,13.0
Bangalore,Byrappa Layout RMV 2nd Stage,2,17.0
Bangalore,Byrathi,1,14.0
Bangalore,Byrathi,2,13.0
Bangalore,Byrathi,3,13.5
Bangalore,Byrathi,4,13.0
Bangalore,C V Raman Nagar,1,14.5
Bangalore,C V Raman Nagar,2,31.0
Bangalore,C V Raman Nagar,3,37.0
Bangalore,CQAL Layout,3,32.0
Bangalore,Cambridge Layout,3,156.5
Bangalore,Canara bank Layout,2,23.0
Bangalore,Chamrajpet,1,30.0
Bangalore,Chamundeshwari Layout,2,158.0
Bangalore,Chandapura,1,18.0
Bangalore,Chandapura,2,21.0
Bangalore,Chandapura,3,30.0
Bangalore,Channasandra,3,47.0
Bangalore,Channasandra,4,22.0
Bangalore,Channasandra Main Road,1,23.0
Bangalore,Chennammana Kere,2,10.0
Bangalore,Chikkabanavara,2,22.5
Bangalore,Chikkabellandur,4,21.0
Bangalore,Chikkabidarakallu,2,11.0
Bangalore,Chikkagubbi Village,4,51.0
Bangalore,Chikkajala,1,25.0
Bangalore,Chikkakannalli,2,55.0
Bangalore,Chikkalasandra,2,20.0
Bangalore,Chikkanna Layout,2,35.0
Bangalore,Chikku Lakshmaiah Layout,2,29.0
Bangalore,Chinnapanna Halli,1,38.0
Bangalore,Chokkanahalli,3,14.0
Bangalore,Choodasandra,1,25.0
Bangalore,Choodasandra,2,29.0
Bangalore,Chowdeshwari Layout Marathahalli Village,2,27.0
Bangalore,Chunchanakuppe,5,11.0
Bangalore,Cleveland Town,3,44.5
Bangalore,Coffee Board layout,2,13.0
Bangalore,Cooke Town,2,43.0
Bangalore,Cooke Town,3,36.0
Bangalore,Cox Town,2,41.0
Bangalore,Cox Town,3,36.5
Bangalore,Cunningham Road,3,73.0
Bangalore,D Group Layout,2,23.0
Bangalore,D Group Layout,4,17.0
Bangalore,Dasarahalli,2,38.0
Bangalore,Dasarahalli,4,38.0
Bangalore,Dasarahalli Main Road,2,19.0
Bangalore,Dasarahalli Main Road,3,31.5
Bangalore,Deepanjali Nagar,1,16.0
Bangalore,Defence Enclave,3,27.5
Bangalore,Devanahalli,2,25.5
Bangalore,Devanahalli,3,27.0
Bangalore,Devanahalli,4,33.0
Bangalore,Devanahalli,5,70.0
Bangalore,Devappa Layout,2,21.0
Bangalore,Devarabisanahalli,1,30.0
Bangalore,Devarabisanahalli,2,41.0
Bangalore,Devarachikkana Halli,1,15.0
Bangalore,Devarachikkana Halli,3,23.0
Bangalore,Devasthanagalu,3,33.0
Bangalore,Devinagar,1,20.0
Bangalore,Doddaballapur Main Road,1,13.0
Bangalore,Doddaballapur Main Road,2,14.0
Bangalore,Doddaballapur Main Road,3,27.5
Bangalore,Doddakallasandra,3,33.0
Bangalore,Doddakannelli,2,32.0
Bangalore,Doddakannelli,3,34.5
Bangalore,Doddakannelli,4,41.0
Bangalore,Doddanagamangala,1,11.0
Bangalore,Doddanagamangala,2,21.0
Bangalore,Doddanekundi,1,33.0
Bangalore,Doddanekundi,2,24.0
Bangalore,Doddanekundi,3,39.0
Bangalore,Doddanekundi Main Road,3,43.0
Bangalore,Doddathoguru,2,22.0
Bangalore,Dollar Scheme,3,25.0
Bangalore,Dollars Colony,2,57.0
Bangalore,Dollars Colony,3,50.0
Bangalore,Domlur,2,24.5
Bangalore,Domlur,3,46.5
Bangalore,Doopanahalli,2,37.0
Bangalore,Dooravani Nagar,2,13.5
Bangalore,ECC Road,2,34.0
Bangalore,ECC Road,3,40.0
Bangalore,ECC Road,4,46.0
Bangalore,EPIP Zone,2,34.0
Bangalore,EPIP Zone,4,78.0
Bangalore,Ejipura,2,25.5
Bangalore,Electronic City,1,18.5
Bangalore,Electronic City,2,18.0
Bangalore,Electronic City,3,27.0
Bangalore,Electronic City,4,22.0
Bangalore,Electronic City Phase 2,1,50.0
Bangalore,Electronic City Phase 2,2,20.0
Bangalore,Electronic City Phase 2,3,33.0
Bangalore,Electronic City Phase 2,4,19.0
Bangalore,Electronics City Phase 1,1,29.0
Bangalore,Electronics City Phase 1,2,34.0
Bangalore,Electronics City Phase 1,3,29.0
Bangalore,Elus Road,3,39.0
Bangalore,Ex Service Men Colony,4,11.0
Bangalore,F Block Sahakar Nagar,3,27.0
Bangalore,Frazer Town,3,24.0
Bangalore,Frazer Town,4,29.0
Bangalore,G Block Sahakar Nagar,3,64.0
Bangalore,GM Palya,2,25.0
Bangalore,Gandhi Bazar,3,35.0
Bangalore,Ganga Nagar Layout,1,163.0
Bangalore,Ganganagar,3,15.0
Bangalore,Gattahalli,2,24.0
Bangalore,Gattahalli,3,26.0
Bangalore,Gollarahatti,2,6.0
Bangalore,Gopasandra Sarjapura Road,3,80.0
Bangalore,Gottigere,2,15.0
Bangalore,Gottigere,3,24.5
Bangalore,Govindpura,2,22.0
Bangalore,Green Woods layout,2,15.0
Bangalore,Gruha Lakshmi Layout,2,18.0
Bangalore,Gubbalala,3,29.0
Bangalore,Gummanahalli,2,27.0
Bangalore,Gummanahalli,3,35.0
Bangalore,Gunjur,1,22.0
Bangalore,Gunjur,2,30.0
Bangalore,Gunjur,3,38.5
Bangalore,Gunjur,4,62.0
Bangalore,Gunjur,5,36.0
Bangalore,Gunjur Balagere Road,2,32.0
Bangalore,Gunjur Balagere Road,3,29.0
Bangalore,HAL 3rd Stage,2,33.0
Bangalore,HAL Old Airport Road,2,56.0
Bangalore,HAL Old Airport Road,4,58.0
Bangalore,HBR Layout,1,24.0
Bangalore,HBR Layout,2,34.0
Bangalore,HBR Layout,3,27.5
Bangalore,HBR Layout Block 2,2,17.0
Bangalore,HBR Layout Block 3,4,24.0
Bangalore,HMT Layout Vidyaranyapura,2,30.0
Bangalore,HRBR Layout,3,34.0
Bangalore,HRBR Layout Block 1,2,30.0
Bangalore,HSR Layout,1,47.0
Bangalore,HSR Layout,2,34.0
Bangalore,HSR Layout,3,38.0
Bangalore,HSR Layout,4,41.0
Bangalore,HSR Layout,6,12.0
Bangalore,Hadosiddapura,3,38.5
Bangalore,Halanayakanahalli,3,35.0
Bangalore,Halasuru,1,67.0
Bangalore,Halasuru,2,24.0
Bangalore,Halasuru,3,72.5
Bangalore,Hanumanthappa Layout Sivanchetti Gardens,3,77.0
Bangalore,Haralur,2,70.0
Bangalore,Haralur,3,38.0
Bangalore,Haralur,4,35.0
Bangalore,Haralur Main Road,2,30.0
Bangalore,Haralur Main Road,3,43.0
Bangalore,Haralur Main Road,4,33.0
Bangalore,Harlur,1,16.0
Bangalore,Harlur,2,53.0
Bangalore,Harsha Layout,1,11.0
Bangalore,Hebbal,1,12.0
Bangalore,Hebbal,2,26.0
Bangalore,Hebbal,3,42.5
Bangalore,Hebbal,4,63.0
Bangalore,Hebbal Kempapura,2,23.0
Bangalore,Hebbal Kempapura,5,27.0
Bangalore,Hegde Nagar,2,19.0
Bangalore,Hegde Nagar,3,38.0
Bangalore,Hennur,1,26.5
Bangalore,Hennur,2,25.0
Bangalore,Hennur,3,83.0
Bangalore,Hennur,4,67.0
Bangalore,Hennur,5,31.0
Bangalore,Hennur Bagalur Main Road,3,42.0
Bangalore,Hennur Bande Road,1,19.0
Bangalore,Hennur Main Road,1,45.0
Bangalore,Hennur Main Road,2,33.0
Bangalore,Hennur Main Road,3,34.0
Bangalore,Hennur Main Road,4,34.0
Bangalore,Hennur Main Road,5,23.0
Bangalore,Hesarghatta Road,2,12.0
Bangalore,Holiday Village Road,2,25.0
Bangalore,Hongasandra,1,15.0
Bangalore,Hoodi,2,25.0
Bangalore,Hoodi,3,27.5
Bangalore,Hoodi,4,47.0
Bangalore,Hoodi,10,35.0
Bangalore,Horamavu,1,19.5
Bangalore,Horamavu,2,16.5
Bangalore,Horamavu,3,27.5
Bangalore,Horamavu,4,31.0
Bangalore,Horamavu Main Road,2,30.0
Bangalore,Hosa Road,2,29.0
Bangalore,Hosa Road,3,38.5
Bangalore,Hosakerehalli,1,45.0
Bangalore,Hoskote,2,17.0
Bangalore,Hoskote,4,13.0
Bangalore,Hoskote,8,19.0
Bangalore,Hoskote Road,1,18.0
Bangalore,Hosur Road,1,32.0
Bangalore,Hosur Road,2,43.0
Bangalore,Hosur Road,3,47.0
Bangalore,Hoysalanagar,1,30.0
Bangalore,Hulimavu,1,13.0
Bangalore,Hulimavu,2,15.0
Bangalore,Hulimavu,3,27.0
Bangalore,Hulimavu,4,37.0
Bangalore,Hulimavu,5,29.0
Bangalore,Hunasamaranahalli,3,23.0
Bangalore,Hunasamaranahalli,5,82.0
Bangalore,Huskur,2,23.0
Bangalore,Hutchins Road,3,35.0
Bangalore,Huvinayakanahalli,3,24.0
Bangalore,ISRO Layout,2,21.0
Bangalore,ITI Layout,1,48.0
Bangalore,ITPL,1,60.0
Bangalore,ITPL,3,40.0
Bangalore,ITPL,4,40.0
Bangalore,ITPL Main Road,1,25.0
Bangalore,IVC Road,4,51.0
Bangalore,Iblur Village,2,43.0
Bangalore,Immadihalli,1,20.0
Bangalore,Indira Nagar,1,36.0
Bangalore,Indira Nagar,2,34.5
Bangalore,Indira Nagar,3,57.0
Bangalore,Indira Nagar,4,50.5
Bangalore,Indira nagar Stage 1,3,58.5
Bangalore,Indira nagar Stage 2,3,50.0
Bangalore,Indira nagar Stage 2,4,70.0
Bangalore,Infantry Road,5,30.0
Bangalore,Ittamadu Main Road,1,16.0
Bangalore,JC Nagar-Kurubarahalli,1,21.0
Bangalore,JP Nagar,1,30.0
Bangalore,JP Nagar,2,23.0
Bangalore,JP Nagar,3,30.5
Bangalore,JP Nagar,5,83.0
Bangalore,Jakkasandra Extension,2,18.0
Bangalore,Jakkur,1,27.0
Bangalore,Jakkur,2,34.5
Bangalore,Jakkur,3,41.0
Bangalore,Jakkuru Main Road,2,33.0
Bangalore,Jalahalli,2,26.0
Bangalore,Jalahalli East,2,24.0
Bangalore,Jalahalli West,2,30.0
Bangalore,Jayamahal Main Road,3,47.0
Bangalore,Jayanagar,2,34.0
Bangalore,Jayanagar,5,49.0
Bangalore,Jayanagar Housing Society Layout,3,29.0
Bangalore,Jeevan Bima Nagar,2,41.0
Bangalore,Jigani,1,13.0
Bangalore,Jigani,2,15.5
Bangalore,Jivanahalli,2,20.0
Bangalore,Judicial Layout,2,40.0
Bangalore,Judicial Layout,3,39.0
Bangalore,Judicial Layout,4,22.0
Bangalore,Junnasandra,2,35.0
Bangalore,K Channasandra,2,24.0
Bangalore,KR Puram,1,18.0
Bangalore,KR Puram,2,24.0
Bangalore,KR Puram,3,29.0
Bangalore,KR Puram,4,35.0
Bangalore,Kada Agrahara,3,21.0
Bangalore,Kadabagere,1,9.0
Bangalore,Kadubeesanahalli,1,40.0
Bangalore,Kadubeesanahalli,2,23.0
Bangalore,Kadubeesanahalli,5,51.0
Bangalore,Kadugodi,1,12.5
Bangalore,Kadugodi,2,28.0
Bangalore,Kadugodi,3,31.0
Bangalore,Kadugondanahalli,2,17.0
Bangalore,Kadugondanahalli,4,45.0
Bangalore,Kaggadasapura,1,25.0
Bangalore,Kaggadasapura,2,33.0
Bangalore,Kaggadasapura,3,23.0
Bangalore,Kaikondrahalli,2,36.0
Bangalore,Kalappa Layout,1,18.0
Bangalore,Kalena Agrahara,3,30.5
Bangalore,Kalidasa Layout,1,19.0
Bangalore,Kalyan Nagar,2,26.0
Bangalore,Kamakshipalya,1,11.0
Bangalore,Kammagondahalli,1,11.0
Bangalore,Kammanahalli,1,27.0
Bangalore,Kammanahalli,2,36.0
Bangalore,Kammanahalli,3,38.0
Bangalore,Kammasandra,2,13.0
Bangalore,Kanaka Nagar,2,50.0
Bangalore,Kanakapura,3,26.0
Bangalore,Kanakapura Road,2,37.0
Bangalore,Kanakapura Road,3,30.0
Bangalore,Kanakapura Road,4,40.0
Bangalore,Kannamangala,2,14.0
Bangalore,Kannamangala,3,31.0
Bangalore,Kannamangala,4,50.0
Bangalore,Kannuru,2,13.0
Bangalore,Kannuru,3,41.0
Bangalore,Kannuru,5,30.0
Bangalore,Kariobanahalli,2,17.0
Bangalore,Kariyammana Agrahara,4,38.0
Bangalore,Kariyammana Agrahara,5,38.0
Bangalore,Karthik Nagar,1,50.0
Bangalore,Kasavanahalli,2,27.0
Bangalore,Kasavanahalli,3,41.5
Bangalore,Kasavanahalli,4,34.0
Bangalore,Kasturi Nagar,2,32.5
Bangalore,Kasturi Nagar,3,31.0
Bangalore,Kasturi Nagar,5,27.0
Bangalore,Kattigenahalli,5,21.0
Bangalore,Kaval Byrasandra,1,22.0
Bangalore,Kaval Byrasandra,2,25.0
Bangalore,Kaval Byrasandra,3,20.0
Bangalore,Kaveri Nagar,2,22.0
Bangalore,Kempapura,3,20.0
Bangalore,Kempapura,4,78.0
Bangalore,Kempapura Agrahara,1,13.0
Bangalore,Kenchenhalli,3,20.0
Bangalore,Kengeri,3,23.0
Bangalore,Kengeri Main Road,3,20.0
Bangalore,Kengeri Satellite Town,1,10.0
Bangalore,Kengeri Satellite Town,2,15.5
Bangalore,Kithaganur Main Road,2,14.0
Bangalore,Kithaganur Main Road,3,18.0
Bangalore,Kodathi,2,29.0
Bangalore,Kodathi,3,19.0
Bangalore,Kodichikknahalli,4,26.0
Bangalore,Kodigehalli,2,27.0
Bangalore,Kodigehalli,3,26.0
Bangalore,Kodigenahalli,2,20.0
Bangalore,Kodihalli,1,46.0
Bangalore,Kodihalli,3,53.0
Bangalore,Kodipalya,3,50.0
Bangalore,Kogilu,3,30.0
Bangalore,Kogilu Main Road,2,32.0
Bangalore,Kogilu Main Road,3,30.0
Bangalore,Konanakunte,1,25.0
Bangalore,Konanakunte,2,21.0
Bangalore,Konanakunte,3,35.0
Bangalore,Konanakunte,4,45.0
Bangalore,Konena Agrahara Murgesh Pallya,1,22.0
Bangalore,Konena Agrahara Murgesh Pallya,2,45.5
Bangalore,Koppa,2,8.0
Bangalore,Koramangala,1,28.0
Bangalore,Koramangala,2,43.5
Bangalore,Koramangala,3,52.0
Bangalore,Koramangala,4,62.0
Bangalore,Koramangala 80 Feet Road,3,52.0
Bangalore,Koramangala Block 4,1,43.0
Bangalore,Koramangala Block 4,2,38.0
Bangalore,Koramangala Block 4,3,58.5
Bangalore,Kothnoor Dinne,3,29.0
Bangalore,Kothnur,1,18.0
Bangalore,Kothnur,2,22.0
Bangalore,Kudlu,4,31.0
Bangalore,Kudlu Gate,2,36.5
Bangalore,Kudlu Gate,3,38.0
Bangalore,Kumara park West,5,30.0
Bangalore,Kumaraswamy Layout,1,20.0
Bangalore,Kumaraswamy Layout,2,20.0
Bangalore,Kumbalgodu,2,23.0
Bangalore,Kundalahalli,1,25.0
Bangalore,Kundalahalli,3,43.0
Bangalore,Kundalahalli,5,33.0
Bangalore,Kundalahalli,8,42.0
Bangalore,Kundalahalli Colony,1,26.0
Bangalore,LBS Nagar,2,23.5
Bangalore,LBS Nagar,4,20.0
Bangalore,Laggere,1,18.0
Bangalore,Lakkasandra Extension,10,36.0
Bangalore,Lakshminarayana Pura,1,60.0
Bangalore,Lakshmipura,3,15.0
Bangalore,Lavakusha Nagar,3,33.0
Bangalore,Lavelle Road,4,135.0
Bangalore,Laxmi Sagar Layout,2,42.0
Bangalore,Laxmi Sagar Layout,3,40.0
Bangalore,Lingarajapuram,1,16.5
Bangalore,Lingarajapuram,2,22.0
Bangalore,Lingarajapuram,3,23.0
Bangalore,MC Layout,2,24.0
Bangalore,MCECHS Layout,2,39.0
Bangalore,MKS Layout,2,25.0
Bangalore,MS Palya,2,16.0
Bangalore,MS Ramaiah City Layout,2,21.0
Bangalore,Madavara,1,11.0
Bangalore,Madhuranagara,2,20.0
Bangalore,Mahadevapura,1,43.5
Bangalore,Mahadevapura,2,35.0
Bangalore,Mahadevapura,3,41.0
Bangalore,Mahadevapura,4,42.0
Bangalore,Mahadevapura Layout,1,28.0
Bangalore,Mahalakshmipuram Layout,3,32.5
Bangalore,Mahatma Gandhi Nagar,3,59.5
Bangalore,Mahatma Gandhi Road,2,60.0
Bangalore,Maithri Layout,3,27.0
Bangalore,Mallasandra Village,3,38.0
Bangalore,Mallathahalli,2,24.0
Bangalore,Malleshpalya,2,14.5
Bangalore,Malleshpalya Main Road,1,11.0
Bangalore,Malleshpalya Main Road,2,29.0
Bangalore,Malleshwaram,1,31.0
Bangalore,Malleshwaram,2,11.0
Bangalore,Malleshwaram,3,30.0
Bangalore,Malleshwaram,4,70.0
Bangalore,Mangammanapalya,1,20.0
Bangalore,ManganaHalli,2,23.0
Bangalore,Manjunatha Layout Munnekollal,1,22.0
Bangalore,Manjunatha Nagar Kalkere,2,25.0
Bangalore,Manorayana Palya,3,16.0
Bangalore,Manyata Residency,4,37.0
Bangalore,Manyata Tech Park,1,42.0
Bangalore,Manyata Tech Park,2,40.0
Bangalore,Manyata Tech Park Road,2,21.0
Bangalore,Marathahalli,1,36.0
Bangalore,Marathahalli,2,32.0
Bangalore,Marathahalli,3,44.0
Bangalore,Marathahalli,4,42.0
Bangalore,Marathahalli Sarjapur Outer Ring Road,3,50.0
Bangalore,Marathahalli village,1,20.0
Bangalore,Marathahalli village,5,46.0
Bangalore,Marenahalli - Vijaynagar,1,13.0
Bangalore,Marenahalli - Vijaynagar,3,18.0
Bangalore,Margondanahalli,2,14.5
Bangalore,Maruthi Nagar Attiguppe,2,30.0
Bangalore,Maruthi Nagar Dasarahalli,4,35.0
Bangalore,Maruthi Nagar Yelahanka,3,100.0
Bangalore,Maruthi Nagar Yelahanka,4,55.0
Bangalore,Maruti Nagar,1,9.0
Bangalore,Matadahalli,1,22.0
Bangalore,Mathikere,2,29.0
Bangalore,Mathikere Extension,3,16.0
Bangalore,Mathrushree Layout Doddamuniswamy Reddy Layout,2,25.0
Bangalore,Mavalli,1,25.0
Bangalore,MedaHalli,2,18.5
Bangalore,Medi Agrahara,2,11.0
Bangalore,Meenakshi Layout Choodasandra,2,20.0
Bangalore,Meenakshi Layout Choodasandra,3,35.0
Bangalore,Michael Palya,1,24.0
Bangalore,Mico Layout,1,45.0
Bangalore,Mico Layout,2,19.0
Bangalore,Mitganahalli,3,29.0
Bangalore,Moodalapalya,2,16.0
Bangalore,Mullur,1,24.0
Bangalore,Mullur,2,26.5
Bangalore,Munikalappa Layout,2,27.0
Bangalore,Munireddy Layout,1,13.0
Bangalore,Munnekollal,1,35.0
Bangalore,Munnekollal,2,30.0
Bangalore,Munnekollal,3,20.0
Bangalore,Murugeshpalya,1,28.5
Bangalore,Murugeshpalya,2,28.0
Bangalore,Murugeshpalya,3,42.5
Bangalore,Muthanallur,5,37.0
Bangalore,Mylappanahalli,4,133.0
Bangalore,Mysore Road,2,5.0
Bangalore,Mysore Road,3,21.5
Bangalore,NR Colony,3,18.0
Bangalore,Naganathapura,1,18.0
Bangalore,Naganathapura,2,21.5
Bangalore,Naganathapura,3,26.0
Bangalore,Nagapura,5,32.0
Bangalore,Nagarbhavi,2,11.0
Bangalore,Nagasandra,2,40.0
Bangalore,Nagasandra,3,35.0
Bangalore,Nagasandra Main Road,4,33.0
Bangalore,Nagavara,1,36.0
Bangalore,Nagavara,2,14.0
Bangalore,Nagavara,3,25.0
Bangalore,Nagavara,4,27.0
Bangalore,Nagdevanahalli,2,18.0
Bangalore,Nagdevanahalli,3,20.0
Bangalore,Nagegowdanapalya,1,64.0
Bangalore,Nagegowdanapalya,3,20.0
Bangalore,Nagondanahalli,1,27.0
Bangalore,Naidu Layout Electronic City,3,46.0
Bangalore,Nallurhalli,1,37.0
Bangalore,Nallurhalli,2,28.0
Bangalore,Nandi Hills,4,33.5
Bangalore,Nandini Layout,3,19.0
Bangalore,Nanjappa Layout Adugodi,1,26.0
Bangalore,Narayanaghatta,3,29.0
Bangalore,Nayandahalli,1,8.0
Bangalore,Neeladri Nagar,1,30.0
Bangalore,Neeladri Nagar,2,22.0
Bangalore,Neeladri Nagar,3,24.0
Bangalore,Neelasandra,1,13.0
Bangalore,Nehru Nagar,2,29.0
Bangalore,Nehru Nagar,3,32.0
Bangalore,NelaMangala,2,11.0
Bangalore,New International Airport Road,2,26.5
Bangalore,New International Airport Road,3,31.5
Bangalore,Nisarga Nandana Layout,3,14.0
Bangalore,Nyanapanahalli,3,17.0
Bangalore,OMBR Layout,3,28.0
Bangalore,OMBR Layout,4,29.0
Bangalore,Old Guddadahalli,2,8.0
Bangalore,Old Madras Road,1,27.0
Bangalore,Old Madras Road,2,26.0
Bangalore,Old Madras Road,3,35.0
Bangalore,Old Madras Road,5,38.0
Bangalore,PNS Layout,2,31.0
Bangalore,Pai Layout Hulimavu,2,21.0
Bangalore,Pai Layout Mahadevapura,2,27.0
Bangalore,Pai Layout Mahadevapura,4,34.0
Bangalore,Palace Cross Road,6,38.0
Bangalore,Palanahalli Road,2,24.0
Bangalore,Panathur,1,53.0
Bangalore,Panathur,2,49.0
Bangalore,Panathur,3,43.0
Bangalore,Papareddipalya,1,12.0
Bangalore,Papareddipalya,2,17.0
Bangalore,Parappana Agrahara,1,23.0
Bangalore,Patteghar Palya Main Road,1,17.0
Bangalore,Peace layout,3,20.0
Bangalore,Phase 1 Sivagiri Township,1,20.0
Bangalore,Phase 1st JP Nagar,2,40.0
Bangalore,Phase 1st JP Nagar,3,38.0
Bangalore,Phase 1st JP Nagar,4,80.0
Bangalore,Phase 1st MCECHS Layout,2,23.0
Bangalore,Phase 2nd JP Nagar,2,32.0
Bangalore,Phase 3 Reliable Residency Layout,3,20.0
Bangalore,Phase 5 JP Nagar,2,21.0
Bangalore,Phase 5 JP Nagar,3,69.0
Bangalore,Phase 5 JP Nagar,4,25.0
Bangalore,Phase 7 JP Nagar,1,23.0
Bangalore,Phase 7 JP Nagar,2,21.0
Bangalore,Phase 7 JP Nagar,3,23.0
Bangalore,Phase 8th JP Nagar,1,23.0
Bangalore,Pillaganahalli,1,13.0
Bangalore,Pragathi Nagar,3,19.0
Bangalore,Prithvi layout,2,34.0
Bangalore,Prithvi layout,3,31.0
Bangalore,Pulkeshi Nagar,3,50.0
Bangalore,Puttanahalli,3,28.0
Bangalore,RBI Layout,2,17.0
Bangalore,RHCS Layout,2,13.0
Bangalore,RMV Extension,1,20.0
Bangalore,RMV Extension,3,34.0
Bangalore,RMV Extension Stage 2,3,37.0
Bangalore,RMV Extension Stage 2,4,58.0
Bangalore,RPC Layout,2,23.0
Bangalore,RS Palya,1,13.0
Bangalore,RT Nagar,1,32.5
Bangalore,RT Nagar,2,27.5
Bangalore,RT Nagar,3,50.0
Bangalore,RT Nagar,4,50.0
Bangalore,Rachenahalli,2,22.0
Bangalore,Rachenahalli,4,26.0
Bangalore,Rachenahalli Main Road,3,26.0
Bangalore,Raghuvanahalli BCMC Layout,2,19.0
Bangalore,Rainbow Drive,3,46.0
Bangalore,Rajaji Nagar,1,16.0
Bangalore,Rajaji Nagar,2,142.0
Bangalore,Rajaji Nagar,3,83.0
Bangalore,Rajaji Nagar,4,48.0
Bangalore,Rajaji Nagar Block 1,3,100.5
Bangalore,Rajaji Nagar Block 2,1,23.0
Bangalore,Rajaji Nagar Industrial Town,4,101.0
Bangalore,Rajajinagar Stage 2,2,29.0
Bangalore,Rajajinagar Stage 2,4,102.0
Bangalore,Rajajinagar Stage 2,5,21.0
Bangalore,Rajanukunte,4,68.0
Bangalore,Rajarajeshwari Nagar,2,18.0
Bangalore,Rajarajeshwari Nagar,3,29.5
Bangalore,Rajarajeshwari Nagar Stage 5,2,25.0
Bangalore,Rajarajeshwari Nagar Stage 5,8,65.0
Bangalore,Ramagondanahalli-Whitefield,1,62.0
Bangalore,Ramamurthy Nagar,1,27.0
Bangalore,Ramamurthy Nagar,2,19.0
Bangalore,Ramamurthy Nagar,3,37.0
Bangalore,Ramanjaneyanagar,2,18.0
Bangalore,Ramchandrapura,2,11.0
Bangalore,Rayasandra,1,13.0
Bangalore,Rayasandra,2,34.0
Bangalore,Rayasandra Main Road,3,31.0
Bangalore,Richards Town,3,58.0
Bangalore,Richmond Road,3,79.0
Bangalore,Richmond Town,2,59.0
Bangalore,Richmond Town,3,59.0
Bangalore,Richmond Town,4,105.0
Bangalore,Ring Road,3,40.0
Bangalore,Ring Road,4,62.0
Bangalore,Royal Shelters,5,25.0
Bangalore,Rustam Bagh Layout,1,50.0
Bangalore,SG Palya,2,28.0
Bangalore,Sadahalli Main Road,8,85.0
Bangalore,Sadashiva Nagar,4,57.0
Bangalore,Sahakara Nagar,2,27.0
Bangalore,Sahakara Nagar,3,29.0
Bangalore,Sahakara Nagar,4,30.0
Bangalore,Samethanahalli,3,48.0
Bangalore,Sampigehalli,2,57.5
Bangalore,Sanjayanagara,2,109.0
Bangalore,Sanjayanagara,3,37.5
Bangalore,Sanjayanagara,4,23.0
Bangalore,Sanjayanagara,5,71.0
Bangalore,Sannatammanahalli,2,21.0
Bangalore,Sarjapur,1,20.0
Bangalore,Sarjapur,2,50.0
Bangalore,Sarjapur,3,22.0
Bangalore,Sarjapur,4,15.0
Bangalore,Sarjapur,5,14.0
Bangalore,Sarjapur Road,1,33.0
Bangalore,Sarjapur Road,2,36.0
Bangalore,Sarjapur Road,3,38.0
Bangalore,Sarjapur Road,4,38.5
Bangalore,Sarjapur Road,5,30.0
Bangalore,Sarjapura Attibele Road,2,17.0
Bangalore,Sarjapura Attibele Road,3,20.0
Bangalore,Sarjapura Attibele Road,4,17.0
Bangalore,Sathanur,2,16.0
Bangalore,Sathanur,3,34.0
Bangalore,Sathya Sai Layout,4,27.0
Bangalore,Sector 1 HSR Layout,1,59.0
Bangalore,Sector 1 HSR Layout,2,40.0
Bangalore,Sector 11 New Thippasandra,2,30.0
Bangalore,Sector 2 HSR Layout,1,32.0
Bangalore,Sector 2 HSR Layout,2,50.0
Bangalore,Sector 2 HSR Layout,3,63.0
Bangalore,Sector 2 HSR Layout,4,64.5
Bangalore,Sector 3 HSR Layout,1,55.0
Bangalore,Sector 3 HSR Layout,2,30.0
Bangalore,Sector 4 HSR Layout,2,37.5
Bangalore,Sector 5 HSR Layout,2,33.0
Bangalore,Sector 5 HSR Layout,3,31.0
Bangalore,Sector 6 HSR Layout,3,46.0
Bangalore,Seegehalli,3,38.0
Bangalore,Seegehalli,4,34.0
Bangalore,Seegehalli KR Puram,2,14.0
Bangalore,Seegehalli Kannamangala Road,2,17.0
Bangalore,Seegehalli Road,2,21.0
Bangalore,Shanthala Nagar,1,38.0
Bangalore,Shanti Nagar,1,36.0
Bangalore,Siddapur,2,19.0
Bangalore,Silicon Town,1,19.0
Bangalore,Silver County Road,2,17.0
Bangalore,Silver Oak Layout,2,28.0
Bangalore,Sindhi Colony,3,97.0
Bangalore,Singapura,1,12.0
Bangalore,Singasandra,2,20.0
Bangalore,Singasandra,3,28.5
Bangalore,Singasandra,4,17.0
Bangalore,Sir M Visvesvaraya Inst Road,4,57.0
Bangalore,Soladevanahalli,2,9.0
Bangalore,Somasundarapalya,1,29.0
Bangalore,Someshwara Layout,1,35.0
Bangalore,Sompura,4,74.0
Bangalore,Spencer Road,1,20.0
Bangalore,Spice Garden Layout,1,21.0
Bangalore,Sri Balaji Layout,3,21.0
Bangalore,Sri Sai Layout,2,21.0
Bangalore,Srigandha Nagar,2,20.0
Bangalore,Srinagar,1,6.0
Bangalore,Srirampuram,1,32.0
Bangalore,Stage 1st Kumaraswamy Layout,3,17.0
Bangalore,State Highway 104,4,33.0
Bangalore,Subbaiahnapalya,2,18.0
Bangalore,Subs Nagar,2,37.0
Bangalore,Sudhama Nagar,2,38.0
Bangalore,Sultanpalya,2,23.0
Bangalore,Sunkadakatte,1,9.0
Bangalore,Sunkadakatte,2,19.0
Bangalore,Sunkadakatte,5,14.0
Bangalore,Suryanagar,3,14.0
Bangalore,Syndicate Bank Colony,3,26.0
Bangalore,T Dasarahalli,2,91.0
Bangalore,T Dasarahalli,3,36.0
Bangalore,T Dasarahalli,4,20.0
Bangalore,Talacauvery Layout,3,27.0
Bangalore,Talaghattapura,2,32.0
Bangalore,Talaghattapura,3,17.0
Bangalore,Tata Nagar,2,24.0
Bangalore,Tata Nagar,3,23.5
Bangalore,Tavarekere,1,30.0
Bangalore,Tavarekere BTM Layout,2,21.0
Bangalore,Teachers Colony -HSR Layout,1,40.0
Bangalore,Tejaswini Nagar Phase 1,3,21.0
Bangalore,Thambu Chetty Palya,1,10.0
Bangalore,Thambu Chetty Palya,2,16.0
Bangalore,Thambu Chetty Palya,3,16.0
Bangalore,Thanisandra,1,84.0
Bangalore,Thanisandra,2,35.0
Bangalore,Thanisandra,3,43.5
Bangalore,Thanisandra,4,93.0
Bangalore,Thanisandra Main Road,2,111.0
Bangalore,Thanisandra Main Road,3,29.0
Bangalore,Thanisandra Main Road,4,40.0
Bangalore,Thigalarapalya,1,5.0
Bangalore,Thigalarapalya,2,43.0
Bangalore,Thindlu,2,22.0
Bangalore,Thirumenahalli,2,30.0
Bangalore,Thirumenahalli,3,21.0
Bangalore,Thirumenahalli,4,17.0
Bangalore,Thubarahalli,2,35.0
Bangalore,Thurahalli,2,14.0
Bangalore,Thyagaraja Nagar,1,35.0
Bangalore,Trinity Church Road,3,47.0
Bangalore,Tulasi Layout,1,23.0
Bangalore,Tumkur Road,1,35.0
Bangalore,Tumkur Road,2,26.0
Bangalore,Tumkur Road,3,32.0
Bangalore,Tumkur Road,4,35.0
Bangalore,Udaya nagar,2,20.0
Bangalore,Upkar Layout Whitefield,5,24.0
Bangalore,Uttarahalli,2,22.0
Bangalore,Uttarahalli,3,29.0
Bangalore,Uttarahalli Main Road,2,25.0
Bangalore,V Kallahalli,3,27.0
Bangalore,Vagdevi Layout,1,43.0
Bangalore,Valepura,1,10.0
Bangalore,Valepura,4,24.0
Bangalore,Varanasi,2,22.0
Bangalore,Varthur,1,30.5
Bangalore,Varthur,2,30.5
Bangalore,Varthur,3,36.0
Bangalore,Varthur Kodi,4,20.0
Bangalore,Vasanth Nagar,1,39.0
Bangalore,Vasanth Nagar,2,50.0
Bangalore,Vasanth Nagar,3,100.0
Bangalore,Vasanth Nagar,4,91.0
Bangalore,Vasanth Vihar AWHO,2,23.0
Bangalore,Veerannapalya,1,40.0
Bangalore,Veerasandra,1,30.0
Bangalore,Veerasandra,2,15.0
Bangalore,Vibhutipura,2,8.0
Bangalore,Victoria Layout,1,43.0
Bangalore,Victoria Layout,3,58.0
Bangalore,Vidhana Soudha Layout,1,13.0
Bangalore,Vidyaranyapura,2,20.0
Bangalore,Vidyaranyapura,3,18.0
Bangalore,Vignan Nagar,3,29.5
Bangalore,Vigneshwara Layout Hoysala Nagar,3,28.0
Bangalore,Vijaya Bank Layout Bommanahalli,3,38.0
Bangalore,Vijaya Bank Layout Bommanahalli,5,18.0
Bangalore,Vijayanagar,1,14.0
Bangalore,Vijayanagar,2,25.0
Bangalore,Vijayanagar,3,22.0
Bangalore,Vijayanagar,4,13.0
Bangalore,Vijayapura Town,2,13.0
Bangalore,Vimanapura,2,17.0
Bangalore,Vinayak Nagar,2,22.5
Bangalore,Virgonagar Industrial Estate,1,42.0
Bangalore,Virupakshapura,2,13.5
Bangalore,Vittal Mallya Road,3,94.0
Bangalore,Vittasandra Main Road,4,33.0
Bangalore,Viveka Nagar,1,37.0
Bangalore,Viveka Nagar,4,24.0
Bangalore,Vyalikaval,1,36.0
Bangalore,Vyalikaval HBCS Layout,1,31.0
Bangalore,Whitefield,1,46.0
Bangalore,Whitefield,2,37.0
Bangalore,Whitefield,3,41.0
Bangalore,Whitefield,4,39.0
Bangalore,Whitefield,5,69.0
Bangalore,Wilson Garden,2,41.0
Bangalore,Yelachenahalli,1,15.0
Bangalore,Yelahanka,1,33.0
Bangalore,Yelahanka,2,26.0
Bangalore,Yelahanka,3,29.5
Bangalore,Yelahanka,4,75.0
Bangalore,Yelahanka,5,99.5
Bangalore,Yelahanka Air Force base,2,36.0
Bangalore,Yelahanka Air Force base,3,25.0
Bangalore,Yelahanka New Town,1,24.0
Bangalore,Yelahanka New Town,2,18.0
Bangalore,Yelahanka New Town,3,25.0
Bangalore,Yelenahalli,3,46.0
Bangalore,Yellappa Chetty Layout,5,170.0
Bangalore,Yemalur,1,103.0
Bangalore,Yemalur,2,63.0
Bangalore,Yeswanthpur,2,30.0
Bangalore,Yeswanthpur,3,30.0
Bangalore,jakkur Plantation,3,23.0
Mumbai,90 Feet Road,2,67.0
Mumbai,90 Feet Road,3,54.0
Mumbai,Aarey Colony,1,55.0
Mumbai,Abhyudaya Nagar,1,80.0
Mumbai,Abhyudaya Nagar,3,150.0
Mumbai,Adarsh Nagar Jogeshwari West,2,81.0
Mumbai,Agar Bazar,4,133.0
Mumbai,Agripada,2,107.0
Mumbai,Ajit Nagar,1,54.0
Mumbai,Amar Nagar Mulund West,1,51.0
Mumbai,Ambewadi Malad East,2,68.0
Mumbai,Amboli,1,79.0
Mumbai,Amboli,2,59.5
Mumbai,Amrut Nagar Ghatkopar West,1,100.0
Mumbai,Anand Nagar Dahisar East,1,56.0
Mumbai,Anand Nagar Dahisar East,2,58.0
Mumbai,Andheri,1,60.0
Mumbai,Andheri East,1,64.0
Mumbai,Andheri East,2,81.5
Mumbai,Andheri East,3,75.0
Mumbai,Andheri East,5,130.0
Mumbai,Andheri West,1,94.0
Mumbai,Andheri West,2,98.0
Mumbai,Andheri West,3,120.5
Mumbai,Andheri West,4,125.0
Mumbai,Andheri West,5,144.5
Mumbai,Ashok Nagar Kandivali East,1,42.0
Mumbai,Atur Park,3,83.0
Mumbai,Azad Nagar Andheri East,3,92.0
Mumbai,Azad Nagar Andheri West,3,94.0
Mumbai,Babhai Naka - Borivali West,1,71.0
Mumbai,Bachani Nagar,1,59.0
Mumbai,Bandra,2,156.0
Mumbai,Bandra East,2,100.5
Mumbai,Bandra East,3,191.0
Mumbai,Bandra East,4,159.0
Mumbai,Bandra Kurla Complex,2,150.0
Mumbai,Bandra Kurla Complex,3,116.0
Mumbai,Bandra Kurla Complex,4,211.0
Mumbai,Bandra Kurla Complex,5,268.5
Mumbai,Bandra West,1,121.0
Mumbai,Bandra West,2,160.0
Mumbai,Bandra West,3,188.0
Mumbai,Bandra West,4,226.5
Mumbai,Bangur Nagar,2,79.0
Mumbai,Bangur Nagar,3,65.0
Mumbai,Barve Nagar,3,37.0
Mumbai,Battipada,1,52.0
Mumbai,Best Colony Chembur East,2,94.0
Mumbai,Best Colony Parel,2,135.0
Mumbai,Best Nagar - Goregaon West,4,100.0
Mumbai,Bhakti Park,2,99.5
Mumbai,Bhakti Park,4,173.0
Mumbai,Bhandup,1,60.0
Mumbai,Bhandup East,1,54.0
Mumbai,Bhandup Village Road,2,63.0
Mumbai,Bhandup West,1,62.0
Mumbai,Bhandup West,2,68.0
Mumbai,Bhandup West,3,54.5
Mumbai,Bhatwadi Ghatkopar West,1,32.0
Mumbai,Bhayandar East,1,31.0
Mumbai,Bhayandar East,2,16.5
Mumbai,Bhayandar West,1,26.0
Mumbai,Bhoiwada - Parel,2,134.0
Mumbai,Bolinj,2,10.0
Mumbai,Borivali,2,81.0
Mumbai,Borivali East,1,70.0
Mumbai,Borivali East,2,47.0
Mumbai,Borivali East,3,87.5
Mumbai,Borivali East,4,100.0
Mumbai,Borivali West,1,53.0
Mumbai,Borivali West,2,79.0
Mumbai,Borivali West,3,76.5
Mumbai,Breach Candy,3,155.0
Mumbai,Brhmanwada,3,125.0
Mumbai,Byculla,1,75.0
Mumbai,Byculla,2,155.0
Mumbai,Byculla,3,178.0
Mumbai,Central Area,1,95.0
Mumbai,Central Area,2,79.0
Mumbai,Central Avenue Road,3,114.0
Mumbai,Central Ordanance Depot,2,49.0
Mumbai,Chakala,1,66.5
Mumbai,Chakala,2,76.0
Mumbai,Chakala MIDC,1,71.0
Mumbai,Chandan Nagar,2,11.0
Mumbai,Chandivali,1,72.0
Mumbai,Chandivali,2,100.0
Mumbai,Chandivali,3,91.0
Mumbai,Charkop,1,78.0
Mumbai,Charni Road,1,100.0
Mumbai,Chedda Nagar,1,42.0
Mumbai,Chembur,1,73.0
Mumbai,Chembur,2,82.0
Mumbai,Chembur,3,98.0
Mumbai,Chembur,4,97.5
Mumbai,Chimaji Nagar,1,55.0
Mumbai,Chincholi Phatak,3,91.0
Mumbai,Chinchpokli,1,79.5
Mumbai,Chunabhatti,1,52.0
Mumbai,Chunabhatti,3,106.0
Mumbai,Churchgate,3,210.0
Mumbai,Citizen Colony,1,26.0
Mumbai,Colaba,1,176.0
Mumbai,Colaba,2,6.0
Mumbai,Colaba,3,35.0
Mumbai,Cuffe Parade,2,230.0
Mumbai,Cuffe Parade,4,188.0
Mumbai,Dadar,2,106.0
Mumbai,Dadar,3,121.0
Mumbai,Dadar East,1,78.0
Mumbai,Dadar East,2,184.0
Mumbai,Dadar East,4,152.0
Mumbai,Dadar West,1,125.0
Mumbai,Dadar West,2,147.5
Mumbai,Dadar West,3,114.0
Mumbai,Dadar West,4,167.0
Mumbai,Dahanukar Wadi,1,72.0
Mumbai,Dahanukar Wadi,2,65.0
Mumbai,Dahisar,1,23.0
Mumbai,Dahisar,2,29.0
Mumbai,Dahisar,3,69.0
Mumbai,Dahisar East,1,46.5
Mumbai,Dahisar East,2,54.0
Mumbai,Dahisar West,1,67.0
Mumbai,Dahisar West,2,38.0
Mumbai,Danda,1,36.0
Mumbai,Dattapada,1,38.0
Mumbai,Dattapada,3,95.0
Mumbai,Dattapada,5,118.5
Mumbai,Deonar,2,100.0
Mumbai,Deonar Chembur,2,99.5
Mumbai,Deonar Chembur,3,108.0
Mumbai,Deonar Farm Road,3,82.0
Mumbai,Deonar Village Road,3,55.0
Mumbai,Devidas Road,2,87.0
Mumbai,Devipada,1,90.0
Mumbai,Devipada,3,77.0
Mumbai,Dindoshi - Malad East,2,68.0
Mumbai,Dindoshi - Malad East,3,65.0
Mumbai,Eden Gardens,3,18.0
Mumbai,Eksar Road,2,57.0
Mumbai,Ekta Nagar Kandivali West,1,79.0
Mumbai,Evershine Millennium Paradise,2,80.0
Mumbai,Evershine Nagar,2,88.0
Mumbai,Evershine Nagar,3,79.0
Mumbai,Film City Road,1,83.5
Mumbai,Film City Road,2,72.0
Mumbai,Fish Market Area,1,45.0
Mumbai,Fort,2,125.0
Mumbai,Four Bungalows,1,77.0
Mumbai,Four Bungalows,2,90.0
Mumbai,Four Bungalows,3,155.0
Mumbai,Four Bungalows,4,207.0
Mumbai,GTB Nagar,2,14.0
Mumbai,Gaikwad Nagar Malad West,1,58.0
Mumbai,Gandhi Nagar Bandra East,1,136.0
Mumbai,Gandhi Nagar Upper Worli,2,140.5
Mumbai,Ganesh Nagar Kalaram Nagar,1,43.0
Mumbai,Garodia Nagar,3,70.0
Mumbai,Gavane Pada,2,104.0
Mumbai,Gavanpada,1,63.0
Mumbai,Geeta Nagar Mira Road East,1,26.0
Mumbai,Ghatkopar,1,50.0
Mumbai,Ghatkopar,2,47.0
Mumbai,Ghatkopar East,1,68.5
Mumbai,Ghatkopar East,2,62.0
Mumbai,Ghatkopar East,3,93.0
Mumbai,Ghatkopar West,1,45.0
Mumbai,Ghatkopar West,2,86.0
Mumbai,Ghatkopar West,3,109.0
Mumbai,Ghatkopar West,4,91.0
Mumbai,Ghodapdeo,1,76.0
Mumbai,Ghodbunder Road,1,25.0
Mumbai,Ghodbunder Road,2,39.0
Mumbai,Gilbert Hill,2,11.0
Mumbai,Girgaon,1,107.5
Mumbai,Girgaon,2,101.5
Mumbai,Girgaon,3,107.0
Mumbai,Godrej Colony,2,158.0
Mumbai,Gokuldham,2,85.0
Mumbai,Gokuldham,3,118.0
Mumbai,Gorai,2,30.0
Mumbai,Gorai 1,2,33.0
Mumbai,Gorai 2,5,52.0
Mumbai,Goregaon,3,72.0
Mumbai,Goregaon East,1,65.5
Mumbai,Goregaon East,2,86.0
Mumbai,Goregaon East,3,98.0
Mumbai,Goregaon East,4,134.5
Mumbai,Goregaon East,5,38.0
Mumbai,Goregaon Mulund Link Road,1,76.0
Mumbai,Goregaon Mulund Link Road,3,68.0
Mumbai,Goregaon West,1,62.0
Mumbai,Goregaon West,2,100.0
Mumbai,Goregaon West,3,90.0
Mumbai,Goregaon West,4,103.0
Mumbai,Goregaon West,5,91.0
Mumbai,Govandi,1,50.0
Mumbai,Govandi,2,52.0
Mumbai,Govind Nagar Bhandup West,2,69.0
Mumbai,Govind Nagar Borivali West,1,74.0
Mumbai,Gowalia Tank,4,179.0
Mumbai,Grant Road East,1,102.0
Mumbai,Green Hills,1,94.0
Mumbai,Gulshan Nagar,2,88.0
Mumbai,Hatkesh Udhog Nagar,1,28.0
Mumbai,Hindu Colony,2,173.0
Mumbai,Hindu Colony,3,136.0
Mumbai,IC Colony,1,70.0
Mumbai,IC Colony,2,70.0
Mumbai,Inlaks Nagar,1,104.0
Mumbai,Irani Wadi,2,33.0
Mumbai,JB Nagar,2,88.0
Mumbai,JVPD Scheme,3,141.0
Mumbai,Jacob Circle,2,125.0
Mumbai,Jankalyan Nagar,1,78.0
Mumbai,Jankalyan Nagar,2,71.0
Mumbai,Janki Kutir,2,150.0
Mumbai,Jawahar Nagar,3,105.0
Mumbai,Jayprakash Nagar,1,112.0
Mumbai,Jayprakash Nagar,2,106.0
Mumbai,Jijamata Road,1,75.0
Mumbai,Jogeshwari East,1,62.5
Mumbai,Jogeshwari East,3,111.0
Mumbai,Jogeshwari East,5,148.0
Mumbai,Jogeshwari Vikhroli Link Road,2,108.0
Mumbai,Jogeshwari Vikhroli Link Road,3,102.0
Mumbai,Jogeshwari Vikhroli Link Road,4,92.0
Mumbai,Jogeshwari West,1,65.0
Mumbai,Jogeshwari West,3,104.5
Mumbai,Juhu,1,100.0
Mumbai,Juhu,2,118.0
Mumbai,Juhu,3,194.0
Mumbai,Juhu,4,159.0
Mumbai,Juhu Scheme,4,161.5
Mumbai,Juhu Scheme,5,193.0
Mumbai,Juhu Versova Link Road,1,88.0
Mumbai,Juhu Versova Link Road,3,99.0
Mumbai,Kala Nagar,3,220.0
Mumbai,Kalachauki,1,54.0
Mumbai,Kalachowki,1,76.0
Mumbai,Kalbadevi,1,143.0
Mumbai,Kalina,1,81.0
Mumbai,Kalina,2,99.0
Mumbai,Kalina,4,110.0
Mumbai,Kamgar Nagar Prabhadevi,3,138.0
Mumbai,Kanakiya,1,107.0
Mumbai,Kanchpada,4,94.0
Mumbai,Kandivali,2,73.0
Mumbai,Kandivali East,1,53.0
Mumbai,Kandivali East,2,79.0
Mumbai,Kandivali East,3,62.0
Mumbai,Kandivali East,4,100.0
Mumbai,Kandivali West,1,55.5
Mumbai,Kandivali West,2,58.0
Mumbai,Kandivali West,3,60.0
Mumbai,Kandivali West,4,72.5
Mumbai,Kanjurmarg,2,33.0
Mumbai,Kanjurmarg East,1,27.0
Mumbai,Kanjurmarg East,2,100.0
Mumbai,Kanjurmarg East,3,88.5
Mumbai,Kanjurmarg West,1,43.0
Mumbai,Kanjurmarg West,2,76.0
Mumbai,Kanjurmarg West,3,72.0
Mumbai,Kannamwar Nagar 1,2,53.0
Mumbai,Kemps Corner,2,167.0
Mumbai,Kemps Corner,3,201.0
Mumbai,Ketkipada,2,29.0
Mumbai,Khar Danda,3,186.0
Mumbai,Khar West,1,138.0
Mumbai,Khar West,2,109.0
Mumbai,Khar West,3,193.0
Mumbai,Khar West,4,148.0
Mumbai,Khar West,5,267.0
Mumbai,Kharodi,1,29.0
Mumbai,Khatau Estate,2,74.5
Mumbai,Kirol Village,1,55.0
Mumbai,Kokanipada,3,72.0
Mumbai,Kolivery Village,3,84.0
Mumbai,Kondivita Village Andheri East,1,82.0
Mumbai,Kurar Village,1,65.0
Mumbai,Kurla,1,57.5
Mumbai,Kurla,2,77.0
Mumbai,Kurla East,1,49.0
Mumbai,Kurla East,2,75.0
Mumbai,Kurla East,3,80.0
Mumbai,Kurla West,1,74.5
Mumbai,Kurla West,2,65.0
Mumbai,Kurla West,3,67.0
Mumbai,Kurla West,4,81.0
Mumbai,LBS Road,2,56.0
Mumbai,LIC Colony Borivali West,3,60.0
Mumbai,LIC Colony Vile Parle West,2,110.0
Mumbai,Lal Bahadur Shastri Nagar Dahisar West,3,67.0
Mumbai,Lal Bahadur Shastri Road,1,58.0
Mumbai,Lal Bahadur Shastri Road,2,75.5
Mumbai,Lal Bahadur Shastri Road,3,44.0
Mumbai,Lal Baug,1,60.0
Mumbai,Lalbaug Sion,1,130.0
Mumbai,Liberty Garden,2,72.0
Mumbai,Linking Road,2,156.0
Mumbai,Lokhandwala Complex Andheri West,1,74.0
Mumbai,Lokhandwala Complex Andheri West,2,104.0
Mumbai,Lokhandwala Complex Andheri West,3,126.5
Mumbai,Lokhandwala Township Kandivali East,1,64.0
Mumbai,Lokhandwala Township Kandivali East,2,50.5
Mumbai,Lower Parel,1,106.0
Mumbai,Lower Parel,2,198.0
Mumbai,Lower Parel,3,152.0
Mumbai,Lower Parel,4,167.0
Mumbai,MBH Colony,2,64.0
Mumbai,MHADA Colony Mulund East,1,60.0
Mumbai,MR Society,3,29.0
Mumbai,Madh,1,71.0
Mumbai,Magathane,2,63.0
Mumbai,Magathane,3,79.0
Mumbai,Mahalakshmi,1,73.0
Mumbai,Mahalakshmi,2,90.5
Mumbai,Mahalakshmi,3,168.0
Mumbai,Mahavir Nagar Kandivali West,1,80.0
Mumbai,Mahavir Nagar Kandivali West,2,71.0
Mumbai,Mahavir Nagar Kandivali West,3,74.0
Mumbai,Mahim,1,98.0
Mumbai,Mahim,2,129.0
Mumbai,Mahim,3,125.0
Mumbai,Mahim United Industrial Estate,2,128.0
Mumbai,Mahim West,1,125.0
Mumbai,Mahim West,2,104.0
Mumbai,Malabar Hill,3,147.0
Mumbai,Malad East,1,78.0
Mumbai,Malad East,2,96.5
Mumbai,Malad East,3,75.0
Mumbai,Malad East,4,51.0
Mumbai,Malad West,1,56.0
Mumbai,Malad West,2,69.5
Mumbai,Malad West,3,79.0
Mumbai,Malad West,4,86.5
Mumbai,Mandvi,1,100.0
Mumbai,Mandvi,3,45.0
Mumbai,Manish Nagar,1,66.5
Mumbai,Mankhurd,1,97.0
Mumbai,Mankhurd,3,29.0
Mumbai,Marol,1,143.0
Mumbai,Marol,2,88.0
Mumbai,Marol,3,130.0
Mumbai,Marol,4,142.0
Mumbai,Marve Road,1,64.0
Mumbai,Masjid Bandar,3,41.0
Mumbai,Masjid Bandar West,1,108.0
Mumbai,Matunga,1,72.0
Mumbai,Matunga,2,129.5
Mumbai,Matunga,3,149.0
Mumbai,Matunga East,1,143.0
Mumbai,Matunga East,2,134.0
Mumbai,Matunga West,1,115.0
Mumbai,Matunga West,2,141.0
Mumbai,Matunga West,3,111.5
Mumbai,Mazgaon,1,103.0
Mumbai,Mindspace,2,120.0
Mumbai,Mira Bhayandar,2,25.0
Mumbai,Mira Road,1,35.5
Mumbai,Mira Road,2,31.0
Mumbai,Mira Road,3,47.0
Mumbai,Model Town Andheri West,2,92.0
Mumbai,Mulund,2,59.0
Mumbai,Mulund,3,46.0
Mumbai,Mulund East,1,41.0
Mumbai,Mulund East,2,65.5
Mumbai,Mulund East,3,63.0
Mumbai,Mulund West,1,56.0
Mumbai,Mulund West,2,59.0
Mumbai,Mulund West,3,76.5
Mumbai,Mulund West,4,81.5
Mumbai,Mumbai CST Area,4,150.0
Mumbai,Mumbai Central,1,55.0
Mumbai,Mumbai Central,2,115.0
Mumbai,Muranjan Wadi,1,45.0
Mumbai,Mysore Colony,1,53.0
Mumbai,Nagpada,1,99.5
Mumbai,Nahar Nagar,2,86.0
Mumbai,Nahur East,1,34.0
Mumbai,Naidu Colony,2,78.0
Mumbai,Naigaon East,1,29.0
Mumbai,Naigaon East,2,25.0
Mumbai,Naigaon East,3,24.0
Mumbai,Naigaon East,4,13.0
Mumbai,Naigaon East Vasai Link Road,2,25.0
Mumbai,Naigaon Palghar,1,15.0
Mumbai,Naigaon West,2,11.0
Mumbai,Nala Sopara,1,16.0
Mumbai,Nala Sopara,2,11.5
Mumbai,Nalasopara East,2,22.0
Mumbai,Nalasopara East,3,16.0
Mumbai,Nalasopara West,1,9.0
Mumbai,Nalasopara West,2,14.0
Mumbai,Napean Sea Road,4,200.0
Mumbai,Navagaon,1,50.0
Mumbai,Navghar Mulund East,3,73.0
Mumbai,Neelam Nagar,3,52.0
Mumbai,Nehru Nagar Airport Area,1,84.0
Mumbai,Nerul,3,41.0
Mumbai,New Golden Nest Road,2,32.0
Mumbai,Nityanand Nagar Ghatkopar West,3,124.0
Mumbai,Old Ferry Road,1,28.0
Mumbai,Orlem,2,67.0
Mumbai,Oshiwara,1,30.0
Mumbai,Oshiwara,2,82.5
Mumbai,Oshiwara,3,127.0
Mumbai,Padmavati Nagar Bhayandar West,2,36.0
Mumbai,Pali Hill,2,132.5
Mumbai,Pali Hill,3,179.0
Mumbai,Pali Naka,2,107.0
Mumbai,Pali Naka,4,250.0
Mumbai,Pant Nagar,1,87.0
Mumbai,Pant Nagar,2,99.0
Mumbai,Pant Nagar,3,29.0
Mumbai,Parekh Nagar Kandivali West,2,73.0
Mumbai,Parel,1,105.5
Mumbai,Parel,2,143.0
Mumbai,Parel,3,133.0
Mumbai,Parel Village,1,116.0
Mumbai,Park Road,3,151.0
Mumbai,Parshiwada,1,79.0
Mumbai,Pathanwadi,3,118.0
Mumbai,Pedder Road,1,108.0
Mumbai,Pedder Road,3,188.0
Mumbai,Perry Road,2,200.0
Mumbai,Perry Road,3,124.0
Mumbai,Pirojshanagar,4,143.0
Mumbai,Poonam Nagar Jogeshwari East,1,85.0
Mumbai,Poonam Nagar Jogeshwari East,2,61.0
Mumbai,Powai,1,96.5
Mumbai,Powai,2,102.0
Mumbai,Powai,3,97.0
Mumbai,Powai,4,134.0
Mumbai,Prabhadevi,1,115.5
Mumbai,Prabhadevi,2,141.0
Mumbai,Prabhadevi,3,175.0
Mumbai,Prabhadevi,4,225.5
Mumbai,Prabhadevi,5,246.0
Mumbai,Premier Residencies,2,80.0
Mumbai,Raheja Township,1,72.0
Mumbai,Raheja Vihar,2,99.0
Mumbai,Raje Sambhaji Nagar,1,80.0
Mumbai,Rajendra Nagar,3,86.5
Mumbai,Rajendra Nagar,4,137.0
Mumbai,Rajiv Gandhi Nagar Bhandup West,3,51.0
Mumbai,Rambaug Powai,3,139.0
Mumbai,Ramgad Nagar Mulund West,1,48.0
Mumbai,Riddhi Gardens,3,105.0
Mumbai,Royal Palms Estate,1,39.0
Mumbai,Royal Palms Estate,3,30.0
Mumbai,Saibaba Nagar Borivali West,2,54.0
Mumbai,Saint Thomas Church Road,1,12.0
Mumbai,Saki Naka,1,101.0
Mumbai,Saki Naka,2,78.0
Mumbai,Saki Naka,3,71.0
Mumbai,Samata Nagar Thakur Village,2,71.0
Mumbai,Sambhaji Nagar Mulund West,3,84.0
Mumbai,Sangharsh Nagar,1,37.0
Mumbai,Santacruz,2,119.0
Mumbai,Santacruz,3,239.0
Mumbai,Santacruz East,1,51.0
Mumbai,Santacruz East,2,72.5
Mumbai,Santacruz East,3,116.0
Mumbai,Santacruz East,4,130.0
Mumbai,Santacruz West,1,119.5
Mumbai,Santacruz West,2,86.5
Mumbai,Santacruz West,3,129.5
Mumbai,Santacruz West,4,196.0
Mumbai,Sayani Road,3,179.0
Mumbai,Sector 1 Charkop,1,27.0
Mumbai,Sector 2 Charkop,1,48.0
Mumbai,Sector 8 Charkop,1,63.0
Mumbai,Sector 8 Charkop,2,21.0
Mumbai,Sector 9 Charkop,1,61.0
Mumbai,Seven Bungalows,1,104.0
Mumbai,Seven Bungalows,2,130.0
Mumbai,Sewri,2,110.0
Mumbai,Sewri,3,121.5
Mumbai,Shanti Park,1,24.0
Mumbai,Shantivan,1,33.0
Mumbai,Shastri Nagar Andheri West,2,105.5
Mumbai,Shastri Nagar Mitha Nagar,1,83.0
Mumbai,Shell Colony,2,70.0
Mumbai,Shitladevi Chawl,3,114.0
Mumbai,Shiv Kutir,2,206.0
Mumbai,Shivaji Nagar - Aarey Milk Colony,1,40.0
Mumbai,Shivaji Park,2,144.0
Mumbai,Siddharth Nagar Goregaon West,3,84.0
Mumbai,Sindhi Colony Sion,5,80.0
Mumbai,Sion,1,75.0
Mumbai,Sion,2,87.0
Mumbai,Sion,3,95.5
Mumbai,Sion Chunabhatti,2,64.0
Mumbai,Sion Hospital Colony,1,55.0
Mumbai,Sion Hospital Colony,2,71.0
Mumbai,Subhash Nagar Bhandup West,1,67.0
Mumbai,Subhash Road,1,38.0
Mumbai,Sunder Nagar Malad West,3,74.0
Mumbai,Swastik Park,2,49.0
Mumbai,Tagore Nagar,2,56.0
Mumbai,Tardeo,1,67.0
Mumbai,Tardeo,2,79.0
Mumbai,Tarun Bharat Society,2,50.0
Mumbai,Teachers Colony,2,110.0
Mumbai,Teen Batti,2,167.0
Mumbai,Thakur Complex,1,61.0
Mumbai,Thakur Complex,2,71.0
Mumbai,Thakur Complex,3,35.0
Mumbai,Thakur Village,1,67.0
Mumbai,Thakur Village,2,81.0
Mumbai,Thakur Village,3,75.0
Mumbai,Thakur Village,4,102.0
Mumbai,Tilak Nagar Chembur,1,77.0
Mumbai,Tilak Nagar Chembur,2,88.0
Mumbai,Tilak Nagar Chembur,3,71.5
Mumbai,Tilak Nagar Goregaon West,2,67.0
Mumbai,Tilak Nagar Sewri,1,67.0
Mumbai,Tivri,2,30.0
Mumbai,Ulhasnagar,1,18.0
Mumbai,Union Park,3,107.5
Mumbai,Union Park,4,100.0
Mumbai,Unnat Nagar Goregaon West,1,71.0
Mumbai,Utkarsh Nagar,1,80.0
Mumbai,Vardhman Nagar,3,75.0
Mumbai,Vasai,1,50.0
Mumbai,Vasai,2,35.0
Mumbai,Vasai East,1,25.5
Mumbai,Vasai East,2,33.0
Mumbai,Vasai West,1,23.5
Mumbai,Vasai West,2,20.5
Mumbai,Vazira Naka Borivali West,2,34.0
Mumbai,Veera Desai Industrial Estate,3,106.0
Mumbai,Veera Desai Industrial Estate,4,97.0
Mumbai,Versova,2,94.0
Mumbai,Versova,3,123.0
Mumbai,Vikhroli East,1,71.0
Mumbai,Vikhroli East,2,63.0
Mumbai,Vikhroli East,3,135.0
Mumbai,Vikhroli East,4,149.0
Mumbai,Vikhroli Village,1,58.0
Mumbai,Vikhroli West,1,69.0
Mumbai,Vikhroli West,2,74.0
Mumbai,Vile Parle,1,183.0
Mumbai,Vile Parle East,1,100.0
Mumbai,Vile Parle East,2,103.0
Mumbai,Vile Parle East,3,110.0
Mumbai,Vile Parle East,4,107.0
Mumbai,Vile Parle West,1,115.0
Mumbai,Vile Parle West,2,95.0
Mumbai,Vile Parle West,3,89.0
Mumbai,Vile Parle West,4,125.0
Mumbai,Vile Parle West,5,200.0
Mumbai,Virar,1,14.0
Mumbai,Virar,2,14.0
Mumbai,Virar,3,30.0
Mumbai,Virar East,1,21.0
Mumbai,Virar East,2,19.0
Mumbai,Virar West,1,22.5
Mumbai,Virar West,2,19.0
Mumbai,Virar West,3,25.0
Mumbai,Wadala,1,107.0
Mumbai,Wadala,2,82.0
Mumbai,Wadala,3,137.5
Mumbai,Wadala,4,159.0
Mumbai,Wadala East,1,141.0
Mumbai,Wadala East,2,111.0
Mumbai,Wadala East,3,124.0
Mumbai,Wadala East,4,102.0
Mumbai,Wadala West,1,100.0
Mumbai,Wadala West,3,104.5
Mumbai,Walkeshwar,1,142.0
Mumbai,Western Express Highway,3,265.0
Mumbai,Worli,1,109.0
Mumbai,Worli,2,202.0
Mumbai,Worli,3,185.5
Mumbai,Worli,4,250.0
Mumbai,Worli,5,194.0
Mumbai,Worli Hill Road,1,123.0
Mumbai,Worli Naka,3,161.5
Mumbai,Worli Sea Face,3,194.0
Mumbai,Yamuna Nagar Andheri West,1,122.0
Mumbai,Yari Road,3,100.0
Mumbai,Yogi Nagar,2,55.0
Mumbai,Yogi Nagar,3,62.0
New Delhi,Aali Village,2,14.0
New Delhi,Abul Fazal Enclave Part 1,2,28.0
New Delhi,Acharya Niketan,2,30.38888888888889
New Delhi,Adarsh Nagar,1,22.5
New Delhi,Adarsh Nagar,2,85.0
New Delhi,Adarsh Nagar Bindapur Extension,3,21.0
New Delhi,Adchini,1,45.0
New Delhi,Adhyapak Nagar,2,17.0
New Delhi,Alaknanda,1,38.0
New Delhi,Alaknanda,2,37.0
New Delhi,Alaknanda,3,37.0
New Delhi,Alaknanda,4,68.0
New Delhi,Aliganj,2,32.0
New Delhi,Amar Colony,2,39.0
New Delhi,Ambedkar Colony Ambedkar Nagar,3,50.0
New Delhi,Amrit Nagar,2,28.0
New Delhi,Anand Gram,1,14.0
New Delhi,Anand Niketan,3,167.0
New Delhi,Anand Niketan,4,111.0
New Delhi,Anand Parbat,6,42.0
New Delhi,Anand Vihar,3,28.0
New Delhi,Anand Vihar,4,38.44444444444444
New Delhi,Anand Vihar Nangli Sakrawati,3,10.0
New Delhi,Ansari Nagar West,2,31.0
New Delhi,Arjan Garh,1,14.0
New Delhi,Arjan Garh,2,10.0
New Delhi,Arjun Park,2,14.0
New Delhi,Ashok Nagar,1,37.0
New Delhi,Ashok Nagar,2,27.0
New Delhi,Ashok Niketan,3,38.55555555555556
New Delhi,Ashok Vihar,2,20.0
New Delhi,Ashok Vihar,3,23.0
New Delhi,Ashok Vihar,4,22.22222222222222
New Delhi,Ashok Vihar Phase 1,2,39.0
New Delhi,Ashok Vihar Phase 1,4,125.0
New Delhi,Ashok Vihar Phase 2,2,21.0
New Delhi,Ashok Vihar Phase 2,3,27.0
New Delhi,Ashok Vihar Phase 3,1,43.0
New Delhi,Ashram,1,33.0
New Delhi,Ashram,2,157.33333333333331
New Delhi,Asola,2,14.0
New Delhi,Aya Nagar,1,18.0
New Delhi,Aya Nagar,2,16.0
New Delhi,Aya Nagar,3,21.0
New Delhi,Aya Nagar Phase 1,2,18.0
New Delhi,Azad Market,2,51.0
New Delhi,Azadpur,1,28.5
New Delhi,Azadpur,2,18.5
New Delhi,Baba Colony,3,132.0
New Delhi,Badarpur,1,25.0
New Delhi,Badarpur,2,9.0
New Delhi,Badarpur Extension,2,20.0
New Delhi,Badli,1,11.0
New Delhi,Baljit Nagar,1,18.0
New Delhi,Banarsi Das Estate,4,39.0
New Delhi,Baprola,1,11.0
New Delhi,Baprola,2,10.0
New Delhi,Basai Darapur,1,41.0
New Delhi,Basai Darapur,2,22.0
New Delhi,Bawana,1,9.0
New Delhi,Beadon Pura,1,36.0
New Delhi,Ber Sarai,3,16.0
New Delhi,Bhagat Vihar,1,7.0
New Delhi,Bhagwan Das Nagar,2,47.0
New Delhi,Bhagwati Garden Extension,2,22.0
New Delhi,Bhajanpura,1,13.0
New Delhi,Bhajanpura,2,14.0
New Delhi,Bhalswa,2,19.0
New Delhi,Bharat Nagar New Friends Colony,1,62.0
New Delhi,Bharat Vihar,2,18.0
New Delhi,Bhola Nath Nagar,2,25.0
New Delhi,Bijwasan,2,11.0
New Delhi,Bindapur,1,17.0
New Delhi,Bindapur,2,26.5
New Delhi,Bindapur,4,11.0
New Delhi,Bk Dutt Colony,2,25.0
New Delhi,Block 32 East Patel Nagar,2,28.0
New Delhi,Block 4 Subhash Nagar,2,27.0
New Delhi,Block A Mohan Garden,3,16.0
New Delhi,Block B Rajouri Garden,4,34.0
New Delhi,Block B Sewak Park,1,270.0
New Delhi,Block B Surajmal Vihar,4,42.0
New Delhi,Block B West Patel Nagar,2,34.0
New Delhi,Block B4 Safdarjung Enclave,1,70.0
New Delhi,Block BH Shalimar Bagh,2,27.0
New Delhi,Block BJ Shalimar Bagh,2,49.0
New Delhi,Block BP Shalimar Bagh,3,23.0
New Delhi,Block C Bhajanpura,2,12.0
New Delhi,Block C Dashrath Puri,3,22.22222222222222
New Delhi,Block F Karam Pura,1,50.0
New Delhi,Block F Palam Extension,1,32.0
New Delhi,Block ND Dakshini Pitampura,4,37.0
New Delhi,Block R Mohan Garden Razapur Khurd,1,29.0
New Delhi,Block T West Patel Nagar,2,55.0
New Delhi,Block W 22 South Sainik Farm,3,4.666666666666667
New Delhi,Block WZ Uttam Nagar,2,31.0
New Delhi,Budh Vihar,2,9.0
New Delhi,Budh Vihar Phase 2,1,14.0
New Delhi,Burari,1,11.5
New Delhi,Burari,2,14.5
New Delhi,Burari,3,10.5
New Delhi,C2 Block Janakpuri,3,24.38888888888889
New Delhi,Chanakya Place,3,11.0
New Delhi,Chandan Hola,1,22.0
New Delhi,Chandan Hola,2,21.5
New Delhi,Chandan Hola,3,22.5
New Delhi,Chander Vihar,2,13.0
New Delhi,Chandra Nagar,2,29.0
New Delhi,Chawri Bazar,2,188.0
New Delhi,Chhatarpur Extension,1,31.0
New Delhi,Chhatarpur Extension,2,40.0
New Delhi,Chhatarpur Extension,3,18.5
New Delhi,Chhattarpur,1,31.0
New Delhi,Chhattarpur,2,21.5
New Delhi,Chhattarpur,3,23.33333333333333
New Delhi,Chhattarpur,4,23.0
New Delhi,Chhattarpur Enclave Phase 1,1,12.0
New Delhi,Chhattarpur Enclave Phase 2,2,29.0
New Delhi,Chhattarpur Enclave Phase 2,3,30.0
New Delhi,Chhawla,1,29.0
New Delhi,Chirag Delhi,2,25.0
New Delhi,Chittaranjan Park,1,37.0
New Delhi,Chittaranjan Park,2,28.0
New Delhi,Chittaranjan Park,3,48.66666666666666
New Delhi,Chittaranjan Park,4,63.0
New Delhi,Chittaranjan Park Block A,2,38.0
New Delhi,Chittaranjan Park Block A,4,49.0
New Delhi,Chittaranjan Park Block C,2,43.0
New Delhi,Chokhandi,2,275.0
New Delhi,Co operative Group Housing Societies Pitampura,3,30.0
New Delhi,Commonwealth Games Village,3,46.0
New Delhi,Commonwealth Games Village,4,53.0
New Delhi,Connaught Place,4,83.0
New Delhi,D Block Saket,4,67.0
New Delhi,DDA,2,29.0
New Delhi,DDA,3,25.0
New Delhi,DLF Farms,4,143.0
New Delhi,Dabri,1,27.38888888888889
New Delhi,Dabri,2,11.0
New Delhi,Dabri Extension,3,21.0
New Delhi,Dakshini Pitampura,2,32.0
New Delhi,Dakshinpuri,1,108.5
New Delhi,Dakshinpuri,2,23.0
New Delhi,Daryaganj,3,27.0
New Delhi,Dasghara,1,22.0
New Delhi,Dashrath Puri,4,22.0
New Delhi,Daya Basti,1,20.0
New Delhi,Dayanand Colony,2,37.0
New Delhi,Defence Colony,1,71.5
New Delhi,Defence Colony,2,45.5
New Delhi,Defence Colony,3,100.0
New Delhi,Defence Colony,4,139.0
New Delhi,Dera Mandi,2,17.0
New Delhi,Devli,1,14.0
New Delhi,Dhaka Village,1,28.0
New Delhi,Dhirpur Village,3,13.0
New Delhi,Dilshad Garden,1,27.0
New Delhi,Dilshad Garden,2,17.0
New Delhi,Dilshad Garden,3,16.0
New Delhi,Durga Vihar,1,24.0
New Delhi,Durga Vihar,3,10.0
New Delhi,Dwarka,1,28.0
New Delhi,Dwarka,2,25.5
New Delhi,Dwarka,3,33.0
New Delhi,Dwarka,10,123.0
New Delhi,Dwarka Mor,1,21.0
New Delhi,Dwarka Mor,2,15.0
New Delhi,Dwarka Mor,3,23.0
New Delhi,Dwarka Mor,4,22.0
New Delhi,Dwarka Sector 19B,2,36.0
New Delhi,East Of Kailash,1,32.0
New Delhi,East Of Kailash,2,36.0
New Delhi,East Of Kailash,3,50.5
New Delhi,East of Kailash Block B,3,50.0
New Delhi,East of Kailash Block F,3,60.0
New Delhi,East of Kailash Block F,4,44.77777777777778
New Delhi,Freedom Fighter Colony,3,26.0
New Delhi,Freedom Fighters Enclave,2,28.0
New Delhi,Freedom Fighters Enclave,3,133.0
New Delhi,Friends Colony,2,67.0
New Delhi,Friends Colony,4,28.0
New Delhi,Friends Colony West,3,48.166666666666664
New Delhi,GK I,1,66.5
New Delhi,GK I,3,58.0
New Delhi,GK I,4,15.0
New Delhi,GK I,5,90.0
New Delhi,GK II,2,38.0
New Delhi,GK II,3,50.5
New Delhi,GK II,4,74.11111111111111
New Delhi,GK II,10,122.0
New Delhi,GTB Enclave,2,233.0
New Delhi,GTB Nagar,1,28.0
New Delhi,Gandhi Vihar,2,18.0
New Delhi,Ganesh Nagar,2,28.5
New Delhi,Ganesh Nagar,3,18.0
New Delhi,Ganga Vihar,1,17.0
New Delhi,Garhi,1,19.0
New Delhi,Gautam Nagar,1,51.0
New Delhi,Gautam Nagar,2,48.0
New Delhi,Geeta Colony,4,37.0
New Delhi,Geetanjali Enclave,1,53.0
New Delhi,Geetanjali Enclave,3,45.0
New Delhi,Ghazipur,1,17.0
New Delhi,Ghitorni,1,19.0
New Delhi,Ghitorni,2,15.0
New Delhi,Giri Nagar,1,29.0
New Delhi,Gokalpur East,1,15.0
New Delhi,Golf Course Road,2,45.0
New Delhi,Gopal Nagar Extension,3,24.0
New Delhi,Govindpuri,1,28.0
New Delhi,Govindpuri,2,37.0
New Delhi,Govindpuri,3,47.5
New Delhi,Goyla Dairy,2,120.0
New Delhi,Goyla Village,1,98.0
New Delhi,Greater Kailash,1,108.5
New Delhi,Greater Kailash,2,34.0
New Delhi,Greater Kailash,3,44.0
New Delhi,Greater Kailash,4,62.0
New Delhi,Greater Kailash 2 E Block,3,68.0
New Delhi,Greater Kailash 2 E Block,7,133.0
New Delhi,Greater Kailash 4 NRI Colony,4,59.0
New Delhi,Greater Kailash Enclave 1,3,50.0
New Delhi,Greater Kailash Enclave 1,10,210.0
New Delhi,Greater Kailash Enclave 2,4,46.0
New Delhi,Green Park,1,28.5
New Delhi,Green Park,2,44.5
New Delhi,Green Park,3,65.0
New Delhi,Green Park,4,54.0
New Delhi,Green Park Extension,2,46.0
New Delhi,Green Park Extension,4,57.11111111111112
New Delhi,Gujarat Vihar,4,23.333333333333336
New Delhi,Gujranwala Town,3,21.0
New Delhi,Gujranwala Town,4,21.0
New Delhi,Gulmohar Park,2,69.0
New Delhi,Gulmohar Park,4,90.0
New Delhi,Guru Arjun Nagar,2,34.0
New Delhi,Guru Harikishan Nagar,3,35.888888888888886
New Delhi,Haiderpur,1,21.0
New Delhi,Haiderpur,3,24.0
New Delhi,Haji Colony,2,13.0
New Delhi,Hardev Nagar,1,20.0
New Delhi,Hardev Nagar,3,19.0
New Delhi,Hari Enclave,2,24.0
New Delhi,Hari Nagar,1,20.0
New Delhi,Hari Nagar,2,26.0
New Delhi,Hari Nagar,3,29.666666666666668
New Delhi,Hari Nagar,4,19.0
New Delhi,Harsh Vihar Pitampura,3,30.0
New Delhi,Hastsal,1,15.0
New Delhi,Hastsal,2,12.0
New Delhi,Hauz Khas,1,88.0
New Delhi,Hauz Khas,2,26.0
New Delhi,Hauz Khas,3,60.0
New Delhi,Hauz Khas Enclave,3,53.333333333333336
New Delhi,Hauz Khas Enclave,4,89.0
New Delhi,Hauz Rani,1,30.0
New Delhi,Hemkunt Colony,3,100.0
New Delhi,IGNOU Main Road,2,24.0
New Delhi,IGNOU Main Road,3,20.0
New Delhi,IP Extension,2,29.0
New Delhi,IP Extension,3,26.5
New Delhi,IP Extension,4,28.5
New Delhi,Inderpuri,1,40.0
New Delhi,Inderpuri,4,46.0
New Delhi,Indira Vihar,1,36.0
New Delhi,Indira Vihar,2,34.0
New Delhi,Indra Enclave,2,32.0
New Delhi,Indra Park Extension,2,60.55555555555556
New Delhi,Indraprastha,2,32.0
New Delhi,Indraprastha,3,44.0
New Delhi,J Block Saket,2,57.0
New Delhi,J Block Saket,3,47.0
New Delhi,Jagat Puri Krishna Nagar,3,24.0
New Delhi,Jagatpuri,1,29.5
New Delhi,Jagriti Enclave,3,27.0
New Delhi,Jahangirpuri,1,13.0
New Delhi,Jaitpur Extension Part 2,3,107.0
New Delhi,Janak Park,1,25.333333333333336
New Delhi,Janakpuri,1,35.0
New Delhi,Janakpuri,2,27.0
New Delhi,Janakpuri,3,30.0
New Delhi,Janakpuri,4,35.0
New Delhi,Janakpuri Block A2,1,35.0
New Delhi,Janakpuri Block A2,3,29.0
New Delhi,Janakpuri Block B1,4,29.0
New Delhi,Janakpuri Block C2A,2,34.0
New Delhi,Jangpura,1,16.0
New Delhi,Jangpura,2,30.0
New Delhi,Jangpura,3,45.0
New Delhi,Jangpura A,2,43.0
New Delhi,Jangpura Extension,3,57.5
New Delhi,Jasola,3,30.5
New Delhi,Jasola Vihar,1,25.0
New Delhi,Jasola Vihar,4,25.0
New Delhi,Jaunapur,3,19.0
New Delhi,Jawahar Nagar,1,43.0
New Delhi,Jawahar Nagar,2,80.0
New Delhi,Jeevan Niketan,4,25.0
New Delhi,Jhandewalan,3,45.0
New Delhi,Jharoda Majra,1,16.0
New Delhi,Jhilmil Colony,1,19.5
New Delhi,Jhilmil Colony,2,28.5
New Delhi,Jhilmil Colony,3,8.0
New Delhi,Jivan Park Rani Bagh,2,17.5
New Delhi,Jivan Park Rani Bagh,4,26.666666666666668
New Delhi,Johripur,1,7.0
New Delhi,Johripur,2,14.0
New Delhi,Jonapur,2,12.0
New Delhi,Jorbagh Tri Nagar,3,104.0
New Delhi,Jyoti Nagar East,3,23.0
New Delhi,Kabir Nagar Vijay Park,1,22.0
New Delhi,Kabool Nagar,2,18.0
New Delhi,Kailash Colony,3,59.0
New Delhi,Kailash Colony,4,44.44444444444444
New Delhi,Kailashpuri,1,20.0
New Delhi,Kakrola,1,18.0
New Delhi,Kakrola,2,14.0
New Delhi,Kakrola,3,16.0
New Delhi,Kalkaji,1,30.0
New Delhi,Kalkaji,2,42.0
New Delhi,Kalkaji,3,45.0
New Delhi,Kalu Sarai,1,17.0
New Delhi,Kalu Sarai,2,34.0
New Delhi,Kalyan Vihar,3,34.333333333333336
New Delhi,Kamla Nagar,1,133.0
New Delhi,Kamla Nagar,2,24.0
New Delhi,Kamla Nagar,3,27.0
New Delhi,Kapashera,2,18.0
New Delhi,Kapashera,3,23.0
New Delhi,Kapashera Samalkha Road,1,48.0
New Delhi,Karala,1,11.0
New Delhi,Karawal Nagar,1,7.0
New Delhi,Karawal Nagar,4,11.0
New Delhi,Karol Bagh,1,47.0
New Delhi,Karol Bagh,2,41.0
New Delhi,Karol Bagh,3,48.0
New Delhi,Keshav Puram,2,28.0
New Delhi,Khajuri Khas,1,57.0
New Delhi,Khanpur,1,17.0
New Delhi,Khanpur,2,17.0
New Delhi,Khanpur,3,17.0
New Delhi,Khichripur,1,22.0
New Delhi,Khirki Extension,1,22.0
New Delhi,Kiran Garden,2,19.0
New Delhi,Kiran Vihar,3,35.0
New Delhi,Kirari Suleman Nagar,2,13.5
New Delhi,Kirti Nagar,2,30.0
New Delhi,Kirti Nagar,3,32.22222222222222
New Delhi,Kirti Nagar,5,59.0
New Delhi,Kishan Ganj,3,29.0
New Delhi,Kishangarh,3,30.0
New Delhi,Kishangarh Village,2,14.77777777777778
New Delhi,Kohat Enclave,1,12.0
New Delhi,Kondli,1,24.0
New Delhi,Kotla Mubarakpur,2,27.5
New Delhi,Krishna Nagar,2,25.0
New Delhi,Krishna Nagar,3,24.0
New Delhi,Krishna Nagar Karol Bagh,1,29.0
New Delhi,Krishna Nagar-Safdarjung Enclave,1,36.0
New Delhi,Krishna Nagar-Safdarjung Enclave,2,52.5
New Delhi,Kucha Pati Ram,3,13.0
New Delhi,Kundan Nagar,1,11.0
New Delhi,Lado Sarai,1,14.0
New Delhi,Lajpat Nagar,2,57.5
New Delhi,Lajpat Nagar,3,53.0
New Delhi,Lajpat Nagar 1,1,45.5
New Delhi,Lajpat Nagar 1,2,53.5
New Delhi,Lajpat Nagar 2,1,64.0
New Delhi,Lajpat Nagar 2,2,44.0
New Delhi,Lajpat Nagar 2,3,53.0
New Delhi,Lajpat Nagar 3,3,59.0
New Delhi,Lajpat Nagar 4,1,41.0
New Delhi,Lajwanti Garden,2,22.22222222222222
New Delhi,Laxmi Bai Nagar,1,56.0
New Delhi,Laxmi Nagar,1,23.0
New Delhi,Laxmi Nagar,2,23.0
New Delhi,Laxmi Nagar,3,22.0
New Delhi,Laxmi Nagar,4,20.0
New Delhi,Laxmi Vihar,2,12.0
New Delhi,Laxmi Vihar Nawada,1,30.0
New Delhi,Lok Nayak Puram,2,16.5
New Delhi,Lok Vihar,2,69.0
New Delhi,Madan Park,3,23.5
New Delhi,Madanpur Khadar Village,1,19.0
New Delhi,Madhu Vihar,1,19.0
New Delhi,Madhu Vihar,3,27.0
New Delhi,Madhu Vihar Patparganj,1,21.0
New Delhi,Madhu Vihar Patparganj,3,35.0
New Delhi,Maharani Bagh,3,47.0
New Delhi,Maharani Bagh,4,60.0
New Delhi,Mahaveer Nagar,1,11.0
New Delhi,Mahavir Enclave,1,24.0
New Delhi,Mahavir Enclave,2,20.0
New Delhi,Mahavir Enclave,3,23.5
New Delhi,Mahavir Enclave Part 1,1,22.0
New Delhi,Mahavir Enclave Part 1,2,17.5
New Delhi,Mahavir Enclave Part 1,3,23.0
New Delhi,Mahavir Enclave Part 2,3,21.33333333333333
New Delhi,Mahendra Park,3,130.0
New Delhi,Mahendru Enclave,2,26.0
New Delhi,Mahindra Park,2,12.0
New Delhi,Mahipalpur,1,35.0
New Delhi,Mahipalpur,2,13.0
New Delhi,Mahipalpur Village,1,44.0
New Delhi,Maidan Garhi,1,33.0
New Delhi,Maidan Garhi,3,14.444444444444445
New Delhi,Malka Ganj,1,33.333333333333336
New Delhi,Malka Ganj,2,32.5
New Delhi,Malka Ganj,3,39.0
New Delhi,Mall Road,1,104.0
New Delhi,Malviya Nagar,2,38.0
New Delhi,Mandakini Enclave,3,136.0
New Delhi,Mandawali,1,91.0
New Delhi,Mandawali,2,16.0
New Delhi,Mangolpur Kalan,2,22.0
New Delhi,Mangolpuri,1,13.0
New Delhi,Mangolpuri,2,18.0
New Delhi,Manohar Park,3,29.0
New Delhi,Mansa Ram Park,2,15.0
New Delhi,Mansarovar garden,1,38.0
New Delhi,Mansarovar garden,2,30.0
New Delhi,Masjid Moth,3,61.0
New Delhi,Masoodpur,1,76.0
New Delhi,Matiala,1,12.0
New Delhi,Matiala,2,20.5
New Delhi,Mayur Kunj,1,32.0
New Delhi,Mayur Vihar,2,32.5
New Delhi,Mayur Vihar,3,35.0
New Delhi,Mayur Vihar 1,1,21.0
New Delhi,Mayur Vihar 1,2,28.0
New Delhi,Mayur Vihar 1,3,39.5
New Delhi,Mayur Vihar Phase 1 Extension,1,33.0
New Delhi,Mayur Vihar Phase 1 Extension,3,39.0
New Delhi,Mayur Vihar Phase 2,2,56.0
New Delhi,Mayur Vihar Phase 3,1,15.0
New Delhi,Mayur Vihar Phase 3,2,20.0
New Delhi,Mehrauli,1,26.0
New Delhi,Mehrauli,2,28.0
New Delhi,Mehrauli,3,24.5
New Delhi,Mianwali Nagar,4,33.0
New Delhi,Mithapur,1,8.0
New Delhi,Mithapur Extension,2,10.0
New Delhi,Model Town,3,20.0
New Delhi,Model Town Phase 3,2,27.0
New Delhi,Model Town Phase 3,3,22.0
New Delhi,Mohammadpur Majri,1,6.0
New Delhi,Mohan Garden,1,17.0
New Delhi,Mohan Garden,2,18.5
New Delhi,Mohan Garden,3,17.0
New Delhi,Mohan Garden Uttam Nagar,2,17.0
New Delhi,Mohit Nagar,3,38.0
New Delhi,Molarband,2,9.0
New Delhi,Molarband Extension,1,11.0
New Delhi,Moti Bagh,2,9.0
New Delhi,Moti Nagar,1,50.0
New Delhi,Moti Nagar,3,39.0
New Delhi,Moti Nagar,4,80.0
New Delhi,Mukherjee Nagar,1,31.0
New Delhi,Mukherjee Nagar,2,103.0
New Delhi,Mukherjee Nagar,3,15.0
New Delhi,Mukherjee Nagar,4,42.0
New Delhi,Mukherjee Nagar Burari,1,28.0
New Delhi,Mundka,1,17.5
New Delhi,Mundka,2,14.0
New Delhi,Mundka,6,11.0
New Delhi,Munirka,2,39.0
New Delhi,Munirka,3,32.0
New Delhi,Munirka Enclave,3,44.0
New Delhi,Najafgarh,1,16.0
New Delhi,Najafgarh,2,12.0
New Delhi,Najafgarh,3,10.0
New Delhi,Nangli Vihar,2,11.0
New Delhi,Nangloi,1,11.0
New Delhi,Nangloi,2,14.0
New Delhi,Nangloi,3,13.5
New Delhi,Nangloi Jat,2,11.0
New Delhi,Naraina,3,26.5
New Delhi,Naraina Village,3,21.0
New Delhi,Narela,1,11.0
New Delhi,Narela,2,13.0
New Delhi,Nathu Colony,1,12.0
New Delhi,Nawada,2,21.0
New Delhi,Nawada,3,21.0
New Delhi,Neb Sarai,1,29.0
New Delhi,Neb Sarai,2,25.0
New Delhi,Neb Sarai,3,17.0
New Delhi,Neb Sarai Saket,1,23.0
New Delhi,Nehru Enclave,3,22.0
New Delhi,Nehru Nagar,1,22.0
New Delhi,Nehru Vihar,1,85.0
New Delhi,New Ashok Nagar,1,28.0
New Delhi,New Ashok Nagar,2,26.0
New Delhi,New Friends Colony,2,83.0
New Delhi,New Friends Colony,3,35.0
New Delhi,New Friends Colony,4,42.5
New Delhi,New Kondli,1,30.833333333333336
New Delhi,New Mahavir Nagar,2,18.0
New Delhi,New Modern Shahdara,1,17.0
New Delhi,New Moti Nagar,1,14.0
New Delhi,New Moti Nagar,3,45.0
New Delhi,New Multan Nagar,2,29.0
New Delhi,New Patel Nagar,1,49.0
New Delhi,New Patel Nagar,2,34.5
New Delhi,New Rajendra Nagar,3,54.0
New Delhi,New Ranjeet Nagar,1,14.0
New Delhi,New Rohtak Road,1,53.0
New Delhi,Nilothi,1,11.0
New Delhi,Nilothi Village,1,16.0
New Delhi,Nirankari Colony,1,100.0
New Delhi,Nirankari Colony,3,21.0
New Delhi,Nirman Vihar,2,22.0
New Delhi,Nizamuddin East,3,83.0
New Delhi,Nizamuddin East,5,60.0
New Delhi,Nizamuddin West,2,41.5
New Delhi,Nizamuddin West,3,44.0
New Delhi,Old Govindpura,1,38.0
New Delhi,Old Govindpura,2,20.0
New Delhi,Old Gupta Colony,3,59.0
New Delhi,Old Mahavir Nagar,1,29.0
New Delhi,Old Mahavir Nagar,2,25.0
New Delhi,Old Nangal,1,27.77777777777778
New Delhi,Old Palam Road,1,133.0
New Delhi,Old Palam Road,2,80.0
New Delhi,Old Rajendra Nagar,1,85.0
New Delhi,Old Rajendra Nagar,2,49.0
New Delhi,Old Rajendra Nagar,3,74.0
New Delhi,Old Shahabad Muhammad Pur,1,17.0
New Delhi,Outram Lines,2,65.0
New Delhi,Outram Lines,3,41.0
New Delhi,Padam Nagar,2,20.5
New Delhi,Palam,2,18.0
New Delhi,Palam Colony,1,19.0
New Delhi,Palam Colony,2,21.0
New Delhi,Palam Colony,3,19.0
New Delhi,Palam Extension,2,10.833333333333334
New Delhi,Palam Extension,3,23.0
New Delhi,Pamposh Enclave,2,40.5
New Delhi,Panchsheel Enclave,2,91.11111111111111
New Delhi,Panchsheel Enclave,3,45.5
New Delhi,Panchsheel Enclave,4,102.5
New Delhi,Panchsheel Park,2,21.0
New Delhi,Panchsheel Park,4,71.0
New Delhi,Panchshil Enclave,4,40.22222222222222
New Delhi,Pandav Nagar,1,11.0
New Delhi,Pandav Nagar,2,22.0
New Delhi,Pandav Nagar,3,24.0
New Delhi,Pankha Road,2,18.0
New Delhi,Paryavaran Complex,2,24.0
New Delhi,Paschim Puri,2,28.0
New Delhi,Paschim Vihar,1,46.5
New Delhi,Paschim Vihar,2,29.5
New Delhi,Paschim Vihar,3,26.5
New Delhi,Paschim Vihar Block A3,2,30.0
New Delhi,Paschim Vihar Block B2,3,28.0
New Delhi,Patel Garden,2,26.0
New Delhi,Patel Nagar,1,27.0
New Delhi,Patel Nagar,2,32.0
New Delhi,Patel Nagar,3,35.0
New Delhi,Patel Nagar East,2,24.0
New Delhi,Patel Nagar East,3,50.0
New Delhi,Patel Nagar South,2,38.5
New Delhi,Patel Nagar West,1,36.0
New Delhi,Patel Nagar West,2,35.0
New Delhi,Patel Nagar West,3,129.0
New Delhi,Patparganj,1,22.0
New Delhi,Patparganj,2,28.5
New Delhi,Patparganj,3,29.0
New Delhi,Phase 5 Aya Nagar,1,16.0
New Delhi,Pitampura,1,42.0
New Delhi,Pitampura,2,24.0
New Delhi,Pitampura,3,28.5
New Delhi,Pitampura,4,20.666666666666664
New Delhi,Pochanpur Colony,2,17.0
New Delhi,Pocket 10 Sector B Vasant Kunj,2,30.0
New Delhi,Pocket 5 Sector 22 Rohini,2,31.5
New Delhi,Poorvi Pitampura,2,28.0
New Delhi,Prahlad Pur Banger,3,7.555555555555555
New Delhi,Prashant Vihar,2,26.0
New Delhi,Preet Vihar,1,59.0
New Delhi,Preet Vihar,3,30.0
New Delhi,Prem Nagar 3,1,23.0
New Delhi,Prem Nagar Janakpuri,1,31.0
New Delhi,Prem Nagar Najafgarh,1,18.0
New Delhi,Pul Prahlad Pur,3,34.0
New Delhi,Punjabi Bagh,1,18.0
New Delhi,Punjabi Bagh,2,24.55555555555556
New Delhi,Punjabi Bagh,3,28.5
New Delhi,Punjabi Bagh East,3,22.0
New Delhi,Punjabi Bagh West,1,17.0
New Delhi,Punjabi Bagh West,4,64.0
New Delhi,Pushpanjali Enclave,3,18.0
New Delhi,Qutub Vihar,2,15.0
New Delhi,Qutub Vihar Phase 1,2,13.0
New Delhi,Qutub Vihar Phase 2,4,56.0
New Delhi,Raghu Nagar,2,24.0
New Delhi,Raj Nagar 2,2,33.0
New Delhi,Raj Nagar 2,3,17.0
New Delhi,Rajdhani Park,2,9.0
New Delhi,Rajendra Nagar,3,42.0
New Delhi,Rajouri Garden,1,33.0
New Delhi,Rajouri Garden,2,22.5
New Delhi,Rajouri Garden,3,31.0
New Delhi,Rajouri Garden,4,21.5
New Delhi,Rajpur Khurd,1,27.0
New Delhi,Rajpur Khurd,2,15.0
New Delhi,Rajpur Khurd Extension,2,80.0
New Delhi,Rajpur Khurd Extension,3,19.944444444444443
New Delhi,Ram Nagar,3,42.0
New Delhi,Rama Park,1,40.5
New Delhi,Rama Park,2,11.0
New Delhi,Ramesh Nagar,1,37.0
New Delhi,Ramesh Nagar,2,32.0
New Delhi,Ramesh Nagar,3,27.0
New Delhi,Rana Pratap Bagh,3,32.5
New Delhi,Rani Bagh Pitam Pura,3,13.0
New Delhi,Ravi Nagar,2,19.0
New Delhi,Razapur Khurd,1,15.0
New Delhi,Rohini,1,30.0
New Delhi,Rohini,2,34.5
New Delhi,Rohini,3,18.0
New Delhi,Rohini,4,17.0
New Delhi,Rohtak Road,3,40.0
New Delhi,Roop Nagar,5,7.0
New Delhi,Roshanpura,4,10.0
New Delhi,Sadh Nagar,1,16.0
New Delhi,Sadhna Enclave,3,69.0
New Delhi,Safdarjung Development Area,1,80.0
New Delhi,Safdarjung Development Area,3,86.0
New Delhi,Safdarjung Enclave,1,64.0
New Delhi,Safdarjung Enclave,3,56.0
New Delhi,Safdarjung Enclave,4,79.11111111111111
New Delhi,Safdarjung Enclave,10,185.0
New Delhi,Sagarpur,2,16.5
New Delhi,Sagarpur West,1,15.0
New Delhi,Sagarpur West,2,16.5
New Delhi,Sai Baba Mandir Road,3,8.0
New Delhi,Saini Enclave,2,15.444444444444445
New Delhi,Sainik Farm,1,20.0
New Delhi,Sainik Farm,2,40.77777777777778
New Delhi,Sainik Farm,3,25.0
New Delhi,Sainik Nagar,2,18.0
New Delhi,Saket,1,38.0
New Delhi,Saket,2,28.0
New Delhi,Saket,3,30.944444444444443
New Delhi,Saket,4,43.0
New Delhi,Samalkha,2,36.0
New Delhi,Samaspur Village,1,23.0
New Delhi,Sandesh Vihar,3,27.0
New Delhi,Sangam Vihar,1,20.0
New Delhi,Sangam Vihar,2,20.0
New Delhi,Sangam Vihar,3,32.0
New Delhi,Sangam Vihar Wazirabad,2,12.0
New Delhi,Sanjay Colony Narela,3,9.0
New Delhi,Sant Nagar East of Kailash,1,38.0
New Delhi,Sant Nagar East of Kailash,2,103.0
New Delhi,Sant Nagar East of Kailash,3,23.0
New Delhi,Sarai Rohilla,2,21.0
New Delhi,Sarita Vihar,1,32.0
New Delhi,Sarita Vihar,2,27.0
New Delhi,Sarita Vihar,3,24.0
New Delhi,Sarita Vihar,4,29.5
New Delhi,Sarita Vihar Pocket H,3,41.0
New Delhi,Sarita Vihar Pocket L,3,28.0
New Delhi,Sarvapriya Vihar,1,61.0
New Delhi,Sarvapriya Vihar,3,63.0
New Delhi,Sarvapriya Vihar,4,83.0
New Delhi,Sat Bari,5,221.0
New Delhi,Satya Niketan,2,37.666666666666664
New Delhi,Savitri Nagar Village,2,31.77777777777778
New Delhi,Sector 1 Dwarka,2,31.5
New Delhi,Sector 1 Rohini,1,18.0
New Delhi,Sector 1 Rohini,2,18.0
New Delhi,Sector 10 Dwarka,3,24.0
New Delhi,Sector 10 Dwarka,4,30.0
New Delhi,Sector 11 Dwarka,1,50.0
New Delhi,Sector 11 Dwarka,4,22.0
New Delhi,Sector 11 Rohini,2,32.0
New Delhi,Sector 11 Rohini,4,27.0
New Delhi,Sector 12 Dwarka,2,28.0
New Delhi,Sector 12 Dwarka,3,32.0
New Delhi,Sector 12 Dwarka,4,19.0
New Delhi,Sector 13 Dwarka,2,18.0
New Delhi,Sector 13 Dwarka,3,30.0
New Delhi,Sector 13 Dwarka,5,27.0
New Delhi,Sector 13 Rohini,2,28.0
New Delhi,Sector 13 Rohini,3,34.5
New Delhi,Sector 14 Dwarka,2,13.0
New Delhi,Sector 14 Rohini,1,40.0
New Delhi,Sector 14 Rohini,3,28.0
New Delhi,Sector 15 Dwarka,2,17.0
New Delhi,Sector 15 Rohini,2,16.0
New Delhi,Sector 16 Rohini,1,34.0
New Delhi,Sector 16 Rohini,2,33.0
New Delhi,Sector 16 Rohini,3,33.0
New Delhi,Sector 16B Dwarka,2,28.0
New Delhi,Sector 17 Dwarka,3,38.0
New Delhi,Sector 17 Rohini,1,26.0
New Delhi,Sector 17 Rohini,2,34.0
New Delhi,Sector 18 Dwarka,3,25.5
New Delhi,Sector 18 Dwarka,5,30.0
New Delhi,Sector 18 Rohini,2,18.0
New Delhi,Sector 19 Dwarka,1,31.0
New Delhi,Sector 19 Dwarka,2,28.5
New Delhi,Sector 19 Dwarka,3,29.0
New Delhi,Sector 19 Dwarka,4,30.11111111111111
New Delhi,Sector 19 Rohini,2,28.0
New Delhi,Sector 2 Dwarka,1,27.0
New Delhi,Sector 2 Rohini,1,19.0
New Delhi,Sector 2 Rohini,2,20.0
New Delhi,Sector 20 Rohini,3,12.0
New Delhi,Sector 21 Rohini,3,24.0
New Delhi,Sector 22 Dwarka,2,33.0
New Delhi,Sector 22 Dwarka,3,28.5
New Delhi,Sector 22 Dwarka,4,25.0
New Delhi,Sector 22 Dwarka,5,25.0
New Delhi,Sector 22 Rohini,1,14.0
New Delhi,Sector 22 Rohini,3,19.5
New Delhi,Sector 23 Dwarka,1,29.0
New Delhi,Sector 23 Dwarka,2,9.0
New Delhi,Sector 23 Dwarka,3,23.0
New Delhi,Sector 23 Dwarka,4,22.0
New Delhi,Sector 23 Rohini,2,30.0
New Delhi,Sector 23 Rohini,3,167.0
New Delhi,Sector 23 Rohini,4,23.0
New Delhi,Sector 23B Dwarka,1,37.0
New Delhi,Sector 24 Rohini,2,31.5
New Delhi,Sector 24 Rohini,3,30.0
New Delhi,Sector 25 Dwarka,2,11.0
New Delhi,Sector 25 Rohini,1,15.0
New Delhi,Sector 25 Rohini,2,35.0
New Delhi,Sector 26 Dwarka,1,31.0
New Delhi,Sector 26 Dwarka,2,27.0
New Delhi,Sector 28 Dwarka,1,28.0
New Delhi,Sector 28 Dwarka,2,17.0
New Delhi,Sector 28 Rohini,1,15.5
New Delhi,Sector 3 Dwarka,1,15.0
New Delhi,Sector 3 Dwarka,3,22.0
New Delhi,Sector 3 Rohini,1,22.0
New Delhi,Sector 3 Rohini,2,20.5
New Delhi,Sector 34 Rohini,1,17.0
New Delhi,Sector 35 Rohini,1,12.5
New Delhi,Sector 35 Rohini,2,14.0
New Delhi,Sector 4 Dwarka,3,24.0
New Delhi,Sector 4 Dwarka,4,22.5
New Delhi,Sector 4 Rohini,2,20.0
New Delhi,Sector 5 Dwarka,2,36.0
New Delhi,Sector 5 Dwarka,3,24.0
New Delhi,Sector 5 Rohini,1,31.0
New Delhi,Sector 5 Rohini,2,57.0
New Delhi,Sector 6 Dwarka,1,51.0
New Delhi,Sector 6 Dwarka,3,25.0
New Delhi,Sector 6 Dwarka,5,23.0
New Delhi,Sector 6 Pocket 2 Dwarka,3,27.0
New Delhi,Sector 6 Rohini,2,99.5
New Delhi,Sector 7 Dwarka,1,42.5
New Delhi,Sector 7 Dwarka,2,32.5
New Delhi,Sector 7 Dwarka,3,22.0
New Delhi,Sector 7 Rohini,1,47.0
New Delhi,Sector 7 Rohini,2,23.5
New Delhi,Sector 7 Rohini,3,13.0
New Delhi,Sector 8 Dwarka,1,26.0
New Delhi,Sector 8 Dwarka,2,24.0
New Delhi,Sector 8 Dwarka,3,34.77777777777778
New Delhi,Sector 8 Rohini,1,50.0
New Delhi,Sector 9 Dwarka,2,10.0
New Delhi,Sector 9 Dwarka,3,22.0
New Delhi,Sector 9 Dwarka,4,28.0
New Delhi,Sector 9 Rohini,2,28.0
New Delhi,Sector 9 Rohini,3,39.0
New Delhi,Sector 9 Rohini,4,31.0
New Delhi,Sector A6 Narela,2,40.0
New Delhi,Sector B Vasant Kunj,3,32.0
New Delhi,Sector C Vasant Kunj,2,33.0
New Delhi,Sector C Vasant Kunj,3,46.0
New Delhi,Sector C Vasant Kunj,4,46.5
New Delhi,Sector D Vasant Kunj,2,42.5
New Delhi,Sector D Vasant Kunj,3,67.5
New Delhi,Seelampur,1,30.0
New Delhi,Shadipur,2,42.5
New Delhi,Shahbad Daulatpur Village,2,27.0
New Delhi,Shahbad Daulatpur Village,3,100.0
New Delhi,Shahdara,1,48.0
New Delhi,Shahdara,2,21.0
New Delhi,Shahdara,3,33.5
New Delhi,Shahpur Jat,1,300.0
New Delhi,Shakarpur,1,24.0
New Delhi,Shakarpur,2,19.0
New Delhi,Shakarpur Khas,1,26.0
New Delhi,Shakarpur Khas,2,31.0
New Delhi,Shakti Nagar,2,27.0
New Delhi,Shalimar Bagh AG Block,1,57.11111111111112
New Delhi,Shalimar Bagh AH Block,2,44.0
New Delhi,Shalimar Bagh Poorvi,2,18.0
New Delhi,Shalimar bagh,1,38.0
New Delhi,Shalimar bagh,2,29.0
New Delhi,Shalimar bagh,3,19.0
New Delhi,Shanti Niketan,4,121.77777777777777
New Delhi,Shanti Vihar,4,50.0
New Delhi,Shastri Nagar,1,25.0
New Delhi,Shastri Nagar,2,18.0
New Delhi,Shastri Nagar,3,38.0
New Delhi,Shastri Park,1,24.0
New Delhi,Sheikh Sarai,3,33.0
New Delhi,Sheikh Sarai Phase 1,1,71.0
New Delhi,Sheikh Sarai Phase 2,1,44.0
New Delhi,Shiv Nagar,1,28.0
New Delhi,Shiv Nagar,2,27.11111111111111
New Delhi,Shiv Nagar Extension,2,270.0
New Delhi,Shiv Park Kakrola,2,32.0
New Delhi,Shiv Vihar,1,17.0
New Delhi,Shiv Vihar,2,12.0
New Delhi,Shiv Vihar,3,13.0
New Delhi,Shiv Vihar,7,31.0
New Delhi,Shivaji Nagar,2,7.0
New Delhi,Shivaji Park,1,100.0
New Delhi,Shivalik Road,3,64.0
New Delhi,Shreshtha Vihar,3,23.0
New Delhi,Shubham Enclave,3,21.0
New Delhi,Shyam Enclave,2,18.88888888888889
New Delhi,Shyam Nagar,2,16.0
New Delhi,Shyam Nagar Okhla,1,20.0
New Delhi,Shyam Vihar 2,1,13.0
New Delhi,Shyam Vihar Phase 1,3,20.0
New Delhi,Siddhartha Enclave,2,39.0
New Delhi,Siddhartha Enclave,3,31.0
New Delhi,Sitapuri,2,16.5
New Delhi,Sitapuri Extension 2,2,12.0
New Delhi,Soami Nagar South,3,74.11111111111111
New Delhi,South Extension,1,45.0
New Delhi,South Extension,2,48.5
New Delhi,South Extension 1,1,27.5
New Delhi,South Extension 1,2,229.0
New Delhi,South Extension 1,3,58.0
New Delhi,South Extension 2,2,33.0
New Delhi,South Extension 2,3,34.0
New Delhi,Sri Niwaspuri,1,16.0
New Delhi,St Nagar Burari,1,22.0
New Delhi,St Nagar Burari,2,17.5
New Delhi,St Nagar Burari,3,26.5
New Delhi,St Nagar Burari,5,50.0
New Delhi,Subhash Nagar,1,25.5
New Delhi,Subhash Nagar,2,29.0
New Delhi,Sukhdev Vihar,3,31.11111111111111
New Delhi,Sukhdev Vihar,4,75.0
New Delhi,Sukhdev Vihar,8,167.0
New Delhi,Sultanpur,1,20.0
New Delhi,Sultanpur,2,23.0
New Delhi,Sunder Nagar,2,118.0
New Delhi,Surajmal Vihar,3,36.0
New Delhi,Surya Enclave,3,32.0
New Delhi,Swasthya Vihar,4,26.88888888888889
New Delhi,Tagore Garden,2,20.0
New Delhi,Tagore Garden,3,30.0
New Delhi,Tagore Garden Extension,2,31.0
New Delhi,Tigri,1,15.0
New Delhi,Tihar Village,1,50.0
New Delhi,Tihar Village,2,28.0
New Delhi,Tilak Nagar,1,27.0
New Delhi,Tilak Nagar,2,22.0
New Delhi,Tilak Nagar,3,25.0
New Delhi,Transit Camp,2,20.0
New Delhi,Tri Nagar,1,22.0
New Delhi,Tri Nagar,2,17.0
New Delhi,Trilokpuri,1,20.0
New Delhi,Tughlakabad Extension,1,28.0
New Delhi,Tughlakabad Extension,2,16.5
New Delhi,Tyagi Colony Nangloi Extension,3,27.0
New Delhi,Uday Park,3,122.5
New Delhi,Uttam Nagar,1,20.0
New Delhi,Uttam Nagar,2,16.0
New Delhi,Uttam Nagar,3,20.0
New Delhi,Uttam Nagar East,1,17.0
New Delhi,Uttam Nagar East,2,23.5
New Delhi,Uttam Nagar East,3,81.0
New Delhi,Uttam Nagar Nawada,2,22.0
New Delhi,Uttam Nagar Nawada,3,17.0
New Delhi,Uttam Nagar West,1,17.0
New Delhi,Uttam Nagar West,2,31.0
New Delhi,Uttari Pitampura,1,23.0
New Delhi,Uttari Pitampura,2,29.0
New Delhi,Vasant Kunj,1,61.5
New Delhi,Vasant Kunj,2,43.5
New Delhi,Vasant Kunj,3,40.0
New Delhi,Vasant Kunj,4,48.0
New Delhi,Vasant Kunj Enclave,3,39.0
New Delhi,Vasant Kunj Enclave,4,31.0
New Delhi,Vasant Vihar,1,43.0
New Delhi,Vasant Vihar,2,31.0
New Delhi,Vasant Vihar,4,105.5
New Delhi,Vasundhara Enclave,2,25.0
New Delhi,Vasundhara Enclave,3,30.5
New Delhi,Vigyan Vihar,3,27.833333333333336
New Delhi,Vijay Colony Vijay Nagar,1,17.0
New Delhi,Vijay Nagar,2,37.0
New Delhi,Vijay Vihar,2,14.0
New Delhi,Vikas Puri Extension Part 1,2,17.0
New Delhi,Vikaspuri,1,21.0
New Delhi,Vikaspuri,2,28.0
New Delhi,Vikaspuri,3,21.5
New Delhi,Vikaspuri Block D,3,31.0
New Delhi,Vikaspuri Block F,4,27.72222222222222
New Delhi,Vikaspuri Block H,3,28.0
New Delhi,Vikaspuri Block J,2,21.0
New Delhi,Vinoba Puri,3,9.0
New Delhi,Vipin Garden,1,21.5
New Delhi,Vipin Garden,2,20.0
New Delhi,Vipin Garden Extension North Block,2,18.0
New Delhi,Virender Nagar,2,24.0
New Delhi,Vishnu Garden,2,25.0
New Delhi,Vishnu Garden,3,15.0
New Delhi,Vishwakarma Colony,1,8.0
New Delhi,Vishwakarma Colony,2,19.0
New Delhi,Vishwakarma Colony,3,18.0
New Delhi,Vishwas Nagar,2,16.0
New Delhi,Vishwas Nagar,3,21.0
New Delhi,Vishwas Park,2,20.0
New Delhi,Vivek Vihar,1,13.0
New Delhi,Vivek Vihar Phase 1,1,35.0
New Delhi,Vivek Vihar Phase 1,3,12.0
New Delhi,Wazir Nagar,2,24.0
New Delhi,Wazirabad,1,26.0
New Delhi,Wazirabad,2,10.0
New Delhi,Yadav Park Extension,1,16.0
New Delhi,Yamuna Vihar,1,12.0
New Delhi,Yamuna Vihar,2,20.444444444444443
New Delhi,Yojna Vihar,3,31.0
